time,open,high,low,close,Close Series,Open Series,Long TSL,Long TSL Activation,Volume
1601869500,27.5,29.670001,25.7,27.579999,0,0,,0,85462380
1601955900,27.4,27.414999,26.154999,26.625,0,0,,0,27213840
1602042300,26.289999,27,26.25,26.554999,0,0,,0,8201360
1602128700,26.704999,27.335001,26.454999,27.085001,0,0,,0,7382410
1602215100,27.085001,27.6,27,27.485001,0,0,,0,5568770
1602474300,27.5,27.689999,26.5,26.945001,0,0,,0,4409110
1602560700,26.635001,27.2,26.3,26.979999,0,0,,0,3690770
1602647100,26.714999,26.9,26.060001,26.179999,0,0,,0,2318040
1602733500,26.3,26.614999,25.5,25.725,0,0,,0,2159480
1602819900,25.710001,26.05,24.3,24.510001,0,0,,0,2295420
1603079100,24.7,24.83,23.43,23.585001,0,0,,0,3096110
1603165500,23.585001,23.685001,22.38,22.464999,25.554000199999997,26.235000000000003,,0,2973600
1603251900,22.22,24.38,22.22,23.895,25.554000199999997,26.235000000000003,,0,12589530
1603338300,23.85,24.460001,23.305,23.895,25.554000199999997,26.235000000000003,,0,3926760
1603424700,24.145,24.295,23.560001,24.005,26.413200159999995,25.817,,0,3833930
1603683900,24.1,25.12,24.02,24.875,26.413200159999995,25.817,24.7432,1,3202840
1603770300,26.7,29.85,26.7,29.85,26.413200159999995,25.817,29.402250000000002,0,47100270
1603856700,30.589999,33.589999,27.885001,31.585001,28.197560327999998,26.7715998,,0,70459970
1603943100,30,32.995001,29.695001,32.575,28.197560327999998,26.7715998,,0,19773640
1604029500,32.795001,37.9,32.7,35.335001,28.197560327999998,26.7715998,,0,44629940
1604288700,35.364999,35.4,31.429999,31.589999,28.7520484624,28.49027964,,0,9333390
1604375100,31.25,32.889999,29.65,29.889999,28.7520484624,28.49027964,,0,8487520
1604461500,29.904999,32.279999,29.064999,30.970001,28.7520484624,28.49027964,,0,7689060
1604547900,31.520001,32,30.479999,31.120001,29.69163876992,29.096223912,,0,2887050
1604634300,31.189999,31.745001,30.904999,31.154999,29.69163876992,29.096223912,,0,3594190
1604893500,31.204999,34.270001,30.914999,33.45,29.69163876992,29.096223912,,0,21202530
1604979900,33.989999,34.589999,32.3,32.785001,30.514310815936,30.0749789296,,0,7219910
1605066300,32.770001,33.879999,32.335001,33.204999,30.514310815936,30.0749789296,,0,5057390
1605152700,33.3,34.35,32.660001,33.804999,30.514310815936,30.0749789296,,0,5173050
1605239100,33.525,36.410001,33.525,35.220001,31.401448652748797,30.764983143680002,,0,9156100
1605357000,35.1,35.5,34.660001,35.179999,31.401448652748797,30.764983143680002,,0,1494470
1605584700,34.804999,35.65,34.5,34.95,31.401448652748797,30.764983143680002,,0,6321940
1605671100,35.045001,35.495001,34.864999,35.120001,32.31715872219904,31.620986714944003,,0,2049700
1605757500,34.685001,36.935001,34.685001,35.885001,32.31715872219904,31.620986714944003,,0,5471300
1605843900,35.75,36.4,35.364999,35.979999,32.31715872219904,31.620986714944003,,0,2595000
1606103100,36,36.389999,35.575,35.629999,32.903726977759234,32.4967893719552,,0,1786660
1606189500,35.629999,36,35.35,35.485001,32.903726977759234,32.4967893719552,,0,1408720
1606275900,35.485001,36.375,35.175,35.25,32.903726977759234,32.4967893719552,,0,2732230
1606362300,35.595001,35.839999,35.15,35.189999,33.33398138220739,33.11643169756416,,0,1341420
1606448700,35.229999,36.029999,35.15,35.779999,33.33398138220739,33.11643169756416,,0,2493630
1606794300,35.310001,35.689999,35.025,35.054999,33.33398138220739,33.11643169756416,,0,1539720
1606880700,35.145001,35.395001,34.875,35.025,33.62418530576591,33.52214555805133,,0,1193450
1606967100,35.164999,35.310001,34.75,34.889999,33.62418530576591,33.52214555805133,,0,1190370
1607053500,34.910001,35.2,34.714999,34.785001,33.62418530576591,33.52214555805133,,0,1269820
1607312700,35.2,40.8,35.004999,38.085001,34.071348444612724,33.85771644644107,,0,11327330
1607399100,38.439999,38.539999,36,36.154999,34.071348444612724,33.85771644644107,,0,3784600
1607485500,36.579999,37.8,35.725,35.860001,34.071348444612724,33.85771644644107,,0,4783120
1607571900,36.029999,36.875,35.375,36.070001,34.37807855569018,34.29217295715286,,0,2918650
1607658300,36.3,36.720001,35.420001,35.495001,34.37807855569018,34.29217295715286,,0,2178750
1607917500,36.285001,36.389999,35.45,35.604999,34.37807855569018,34.29217295715286,,0,1642190
1608003900,35.320001,36.485001,35.310001,35.85,34.655462644552145,34.49773856572229,,0,1846410
1608090300,35.9,36.375,35.7,36.045001,34.655462644552145,34.49773856572229,,0,2135630
1608176700,35.7,36.3,35.7,35.764999,34.655462644552145,34.49773856572229,,0,751650
1608263100,35.820001,36.189999,34.304999,34.8,34.24236991564172,34.762191052577826,,0,4243730
1608522300,34.8,34.995001,31.670001,33.454999,34.24236991564172,34.762191052577826,,0,4980250
1608608700,33.454999,34.079999,31.504999,32.589999,34.24236991564172,34.762191052577826,,0,3487170
1608695100,32.6,34.1,32.6,33.814999,34.13089613251337,34.32975284206226,,0,1375260
1608781500,33.85,34.4,33.5,33.770001,34.13089613251337,34.32975284206226,,0,2313090
1609127100,33.839999,34.285001,33.45,33.685001,34.13089613251337,34.32975284206226,,0,1468990
1609213500,33.8,34.185001,33.5,33.685001,34.0657167060107,34.22380227364981,,0,2232650
1609299900,34.295001,34.4,32.95,33.235001,34.0657167060107,34.22380227364981,,0,3512950
1609386300,33.4,33.95,33.145001,33.804999,34.0657167060107,34.22380227364981,,0,1647910
1609472700,33.8,34.120001,33.470001,33.664999,34.33957356480856,34.13904181891985,,0,1256100
1609731900,34.2,35.670001,33.695001,34.5,34.33957356480856,34.13904181891985,35.134950984999996,1,6442920
1609818300,34.495001,35.770001,33.929999,35.435001,34.33957356480856,34.13904181891985,,0,8432350
1609904700,35.55,36.1,34.870001,35.295001,34.75165885184685,34.421233455135884,,0,3440670
1609991100,35.510001,37,35.229999,36.125,34.75165885184685,34.421233455135884,,0,3723620
1610077500,36.5,37.579999,36.2,36.4,34.75165885184685,34.421233455135884,,0,4049860
1610336700,36.55,36.960001,35.270001,35.685001,34.77732688147748,34.846986764108706,,0,2157760
1610423100,35.6,36.7,35.6,36.079999,34.77732688147748,34.846986764108706,,0,1437890
1610509500,36.3,36.685001,34.7,34.879999,34.77732688147748,34.846986764108706,,0,2560080
1610595900,34.9,36,34.9,35.564999,34.74186150518198,34.857589411286966,,0,4614880
1610682300,35.6,35.875,34.8,34.910001,34.74186150518198,34.857589411286966,,0,951570
1610941500,35.179999,35.3,34.575,34.6,34.74186150518198,34.857589411286966,,0,982250
1611027900,34.835001,35.5,34.835001,35.385001,34.98648900414558,34.85307172902957,,0,908230
1611114300,35.15,35.875,35.15,35.685001,34.98648900414558,34.85307172902957,35.336875,1,836130
1611200700,35.9,37,35.660001,35.964999,34.98648900414558,34.85307172902957,36.445,0,2412730
1611287100,36.185001,37.05,35.860001,36.55,35.32919120331646,35.11945758322366,,0,2497830
1611546300,36.879999,36.979999,35.1,36.625,35.32919120331646,35.11945758322366,,0,875820
1611719100,36.620001,37,35.575,36.7,35.32919120331646,35.11945758322366,,0,1447520
1611805500,36.6,37.295001,36.089999,36.920001,34.96635276265317,35.415566066578926,,0,1097030
1611891900,37.5,37.789999,33.725,34.25,34.96635276265317,35.415566066578926,,0,7126780
1612151100,34.229999,34.229999,32.085001,33.514999,34.96635276265317,35.415566066578926,,0,3789600
1612237500,34.2,35.9,33.614999,33.85,34.95108201012253,35.172452853263145,,0,5002370
1612323900,34.35,35.6,34.304999,34.714999,34.95108201012253,35.172452853263145,,0,1698870
1612410300,35,36,34.8,34.889999,34.95108201012253,35.172452853263145,,0,1322270
1612496700,34.4,35.310001,33.714999,33.920001,34.88186540809802,35.01796228261052,,0,1760120
1612755900,34.179999,34.645001,33.939999,34.520001,34.88186540809802,35.01796228261052,,0,2092250
1612842300,34.520001,35.285001,34.475,34.604999,34.88186540809802,35.01796228261052,,0,1438120
1612928700,34.5,34.789999,34.1,34.395001,34.77949252647842,34.91436982608842,,0,636330
1613015100,34.3,34.664999,34.189999,34.229999,34.77949252647842,34.91436982608842,,0,332960
1613101500,34.439999,34.6,33.8,34.370001,34.77949252647842,34.91436982608842,,0,595380
1613360700,34.370001,34.675,33.939999,34.075,34.50159382118274,34.80549606087074,,0,361690
1613447100,34.239999,34.389999,33.454999,33.535001,34.50159382118274,34.80549606087074,,0,1115990
1613533500,33.535001,33.65,33.020001,33.389999,34.50159382118274,34.80549606087074,,0,804250
1613619900,33.4,33.4,32.625,32.714999,34.11327525694619,34.52439684869659,,0,2446750
1613706300,33.279999,33.279999,32.375,32.460001,34.11327525694619,34.52439684869659,,0,1805280
1613965500,32.804999,33.039999,32.425,32.560001,34.11327525694619,34.52439684869659,,0,613270
1614051900,32.7,33.1,32.45,32.829999,33.97162000555695,34.15951747895728,,0,528670
1614138300,32.9,33.2,31.7,32.339999,33.97162000555695,34.15951747895728,,0,542320
1614224700,32.510001,33.95,32.510001,33.404999,33.97162000555695,34.15951747895728,,0,3365770
1614311100,33.389999,33.389999,32.660001,33.079999,33.66129600444556,34.00561378316583,,0,616930
1614570300,33.475,33.475,32.665,32.795,33.66129600444556,34.00561378316583,,0,310620
1614656700,32.99,33.085,32.34,32.42,33.66129600444556,34.00561378316583,,0,548750
1614743100,32.95,32.95,32.5,32.575,33.516036803556446,33.79449102653266,,0,519780
1614829500,33,34.635,32.8,33.595,33.516036803556446,33.79449102653266,,0,3034880
1614915900,34.2,34.27,32.76,32.935,33.516036803556446,33.79449102653266,,0,1191550
1615175100,33.6,33.6,32.8,32.995,33.374829442845154,33.75559282122613,,0,464510
1615261500,33.48,33.48,32.8,33.055,33.374829442845154,33.75559282122613,,0,1668770
1615347900,33.1,33.275,32.705,32.81,33.374829442845154,33.75559282122613,,0,253360
1615520700,33.175,33.8,32.58,33.13,33.26586355427612,33.639474256980904,,0,4920260
1615779900,33.5,33.65,32.28,32.79,33.26586355427612,33.639474256980904,,0,566500
1615866300,32.96,33.155,32.705,32.83,33.26586355427612,33.639474256980904,,0,1837890
1615952700,32.9,32.985,32.11,32.355,32.770690843420894,33.49157940558472,,0,545330
1616039100,32.355,32.5,30.4,30.585,32.770690843420894,33.49157940558472,,0,3509470
1616125500,30.6,31.19,30,30.79,32.770690843420894,33.49157940558472,,0,2137210
1616384700,30.6,31.55,30.535,31.395,32.38355267473672,32.91326352446778,,0,1456670
1616471100,31.79,31.79,31.305,31.435,32.38355267473672,32.91326352446778,,0,263430
1616557500,31.39,31.39,30.795,30.835,32.38355267473672,32.91326352446778,,0,234970
1616643900,30.835,30.9,29.8,30.155,31.822842139789373,32.49761081957423,,0,401120
1616730300,30.155,30.9,30.025,30.345,31.822842139789373,32.49761081957423,,0,2130940
1617075900,30.5,30.56,29.4,29.58,31.822842139789373,32.49761081957423,,0,1042560
1617162300,29.79,29.81,28.88,29.12,31.2952737118315,31.95608865565938,,0,2426890
1617248700,29.13,30.15,29.13,29.455,31.2952737118315,31.95608865565938,,0,1925260
1617594300,30.05,30.3,28.66,29.185,31.2952737118315,31.95608865565938,,0,4600680
1617680700,29.5,29.92,28.8,28.97,31.043218969465197,31.464870924527503,,0,1238210
1617767100,29,29.9,28.935,29.575,31.043218969465197,31.464870924527503,,0,1357070
1617853500,29.535,30.36,29.5,30.035,31.043218969465197,31.464870924527503,,0,851770
1617939900,29.9,31.1,29.81,30.505,30.67457517557216,31.151896739622003,,0,2599440
1618199100,30.19,30.19,28.635,29.505,30.67457517557216,31.151896739622003,,0,1144140
1618285500,29.5,29.895,28.95,29.2,30.67457517557216,31.151896739622003,,0,595050
1618458300,28.81,29.9,28.81,29.715,31.196660140457727,30.683517391697603,,0,765730
1618544700,30.1,34,30.1,32.305,31.196660140457727,30.683517391697603,33.49,1,11395180
1618803900,31,34.2,30,33.285,31.196660140457727,30.683517391697603,,0,6009140
1618890300,33.4,35.58,33.4,34.03,31.88032811236618,31.22681391335808,,0,10395790
1619063100,34.03,36.965,33.63,36.455,31.88032811236618,31.22681391335808,,0,9442510
1619149500,36.25,37.95,34.3,34.615,31.88032811236618,31.22681391335808,,0,6443270
1619408700,35.395,37.18,34.625,36.64,32.81326248989294,32.06045113068647,,0,4712120
1619495100,37.39,38.5,36.645,37.36,32.81326248989294,32.06045113068647,,0,6585820
1619581500,37.5,38.49,36.265,36.545,32.81326248989294,32.06045113068647,,0,5259050
1619667900,36.705,37.535,35.6,35.92,33.86960999191435,32.98936090454917,,0,3194670
1619754300,35.89,37.6,35.425,37.03,33.86960999191435,32.98936090454917,,0,2310710
1620013500,37.1,38.375,37.1,38.095,33.86960999191435,32.98936090454917,,0,4939690
1620099900,38.46,45.71,38.405,42.805,37.339687993531484,34.08348872363934,,0,50327970
1620186300,43.43,46,40.665,42.685,37.339687993531484,34.08348872363934,,0,29791830
1620272700,44,51.22,43.22,51.22,37.339687993531484,34.08348872363934,,0,45527840
1620359100,55,56.34,51.655,56.065,43.15475039482519,38.26679097891147,,0,37764780
1620618300,56.1,61.67,54,61.67,43.15475039482519,38.26679097891147,,0,24910620
1620704700,63.5,67.835,63.5,66.415,43.15475039482519,38.26679097891147,,0,34962380
1620791100,66.1,69,64.235,65.445,47.619800315860154,43.833432783129176,,0,14230480
1620963900,66.15,67.97,64,65.895,47.619800315860154,43.833432783129176,,0,6699120
1621223100,66.4,67.47,62.94,65.48,47.619800315860154,43.833432783129176,,0,8821860
1621309500,65.48,66.4,64.5,65.245,52.48184025268813,48.16274622650334,,0,3367820
1621395900,64.98,68.505,64.665,68.505,52.48184025268813,48.16274622650334,,0,8132090
1621482300,70.5,71.93,70.2,71.93,52.48184025268813,48.16274622650334,,0,4541080
1621568700,75.525,75.525,69.11,74.925,56.27947220215051,53.63519698120267,,0,9738150
1621827900,76.15,78.67,73.655,75.23,56.27947220215051,53.63519698120267,,0,7061690
1621914300,75,75.6,71.47,71.47,56.27947220215051,53.63519698120267,,0,4824720
1622000700,69.9,75.04,67.9,75.04,59.92257776172041,56.888157584962144,,0,6238710
1622087100,77.01,78.7,72,73.26,59.92257776172041,56.888157584962144,,0,8260910
1622173500,74.6,75.9,73.46,74.495,59.92257776172041,56.888157584962144,,0,3569810
1622432700,74.6,76.48,72.66,75.71,63.08806220937633,60.43052606796971,,0,5493240
1622519100,76,79.495,73.755,74.615,63.08806220937633,60.43052606796971,,0,10041130
1622605500,74.6,77,73.77,75.75,63.08806220937633,60.43052606796971,,0,6423750
1622691900,76.3,79.535,76.13,79.535,69.02444976750107,63.60442085437577,,0,5908780
1622778300,83.51,83.51,80.4,81.235,69.02444976750107,63.60442085437577,,0,11420040
1623037500,85.215,96.265,85.215,92.77,69.02444976750107,63.60442085437577,,0,27957680
1623123900,91.995,96.5,88.51,89.215,72.90455981400086,69.28253668350062,,0,16568420
1623210300,89.98,91.87,83.205,84.77,72.90455981400086,69.28253668350062,,0,7159950
1623296700,84.8,89.785,81.57,88.425,72.90455981400086,69.28253668350062,,0,7725210
1623383100,88.87,89.4,86.01,87.365,75.34764785120069,73.2000293468005,,0,2417460
1623642300,85.21,87.2,82.13,85.24,75.34764785120069,73.2000293468005,,0,2694290
1623728700,85,87.005,84.8,85.12,75.34764785120069,73.2000293468005,,0,1726130
1623815100,85.48,86.5,82.22,83.275,76.29511828096055,75.65602347744041,,0,2683380
1623901500,81.5,85.5,79.705,82.69,76.29511828096055,75.65602347744041,,0,2718460
1623987900,82.795,83.385,76.575,80.085,76.29511828096055,75.65602347744041,,0,3772930
1624247100,78.515,82.4,76.805,80.695,77.47109462476844,76.22781878195232,,0,2340090
1624333500,80.99,86,80.7,82.175,77.47109462476844,76.22781878195232,,0,3629880
1624419900,83.59,84.2,81.5,82.175,77.47109462476844,76.22781878195232,,0,1317380
1624506300,81.805,82.9,80.695,81.555,78.19887569981475,77.34325502556186,,0,987270
1624592700,81.95,82.295,79.2,80.2,78.19887569981475,77.34325502556186,,0,1041230
1624851900,80.5,81.795,80.5,81.11,78.19887569981475,77.34325502556186,,0,785300
1624938300,81.52,88,81.1,85.56,80.0601005598518,78.17860402044948,,0,7692520
1625024700,86.18,87.245,83.905,85.81,80.0601005598518,78.17860402044948,,0,2421600
1625111100,86.29,89.225,85.21,87.505,80.0601005598518,78.17860402044948,,0,3116240
1625197500,88.04,90.6,86.675,87.705,81.95808044788144,80.15088321635959,,0,2887670
1625456700,88.68,90.58,88.185,88.62,81.95808044788144,80.15088321635959,,0,4157070
1625543100,89.3,90.45,89.005,89.55,81.95808044788144,80.15088321635959,,0,2798070
1625629500,90.2,98.4,88.8,93.545,84.87046435830516,82.16070657308767,,0,26104550
1625715900,94.1,95.65,92.1,92.92,84.87046435830516,82.16070657308767,,0,3360240
1625802300,92.885,98.4,90.295,96.52,84.87046435830516,82.16070657308767,,0,8907010
1626061500,96.8,104.64,96.8,101.645,89.30137148664411,85.08856525847014,,0,11502510
1626147900,103.205,104.8,99.3,103.645,89.30137148664411,85.08856525847014,,0,6851990
1626234300,103.8,109.2,102.91,107.025,89.30137148664411,85.08856525847014,,0,8457540
1626320700,107.95,112.38,99.5,106.015,98.5860971893153,89.66085220677611,,0,12278890
1626407100,118,127.215,111.1,127.215,98.5860971893153,89.66085220677611,,0,22387230
1626666300,131.8,147.5,130.215,135.725,98.5860971893153,89.66085220677611,,0,31787180
1626752700,138.25,142.995,124.7,127.205,104.98487775145225,99.3786817654209,,0,13513430
1626925500,130.205,136.44,129.1,133.515,104.98487775145225,99.3786817654209,,0,9863280
1627011900,134.64,134.84,125.555,130.58,104.98487775145225,99.3786817654209,,0,3774790
1627271100,129,129.89,120.4,122.96,108.29990220116179,105.3029454123367,,0,6214320
1627357500,122.705,127.49,120,120.4,108.29990220116179,105.3029454123367,,0,4248330
1627443900,121.405,124.5,117.44,121.56,108.29990220116179,105.3029454123367,,0,5121830
1627530300,121.5,122.825,117.125,119.115,112.75892176092944,108.54235632986936,,0,2559210
1627616700,118.5,121.2,117.5,118.725,112.75892176092944,108.54235632986936,,0,2058970
1627875900,120.4,130.595,119.82,130.595,112.75892176092944,108.54235632986936,,0,10329470
1627962300,135.1,139.595,131.11,132.01,116.60013740874356,113.85388506389549,,0,7179730
1628048700,133.5,135.6,124.965,127.355,116.60013740874356,113.85388506389549,,0,3677640
1628135100,129,133.5,123.7,131.965,116.60013740874356,113.85388506389549,,0,7347390
1628221500,132.3,133.12,127.5,129.44,117.53010992699485,117.5431080511164,,0,1693730
1628480700,129.44,129.98,126.12,126.99,117.53010992699485,117.5431080511164,,0,1200120
1628567100,127.825,129.4,114.3,121.25,117.53010992699485,117.5431080511164,,0,4485160
1628653500,123.245,124.865,112.405,119.045,118.73408794159589,118.68348644089312,,0,6786960
1628739900,120.225,124.995,119.69,123.99,118.73408794159589,118.68348644089312,123.120075,1,2950970
1628826300,124.6,124.72,121.505,123.55,118.73408794159589,118.68348644089312,,0,2237520
1629085500,123.7,123.7,120.2,122.55,118.9092703532767,119.68678915271451,,0,1232820
1629171900,124,124,119.79,120.805,118.9092703532767,119.68678915271451,,0,904310
1629258300,121.8,123,119,119.61,118.9092703532767,119.68678915271451,,0,1211430
1629431100,115.7,120,115.7,118.385,117.34141628262137,118.88943132217162,,0,1803080
1629690300,119.2,120.225,106.55,107.22,117.34141628262137,118.88943132217162,,0,6774020
1629776700,105.2,112.35,101.4,111.07,117.34141628262137,118.88943132217162,,0,6216170
1629863100,112.4,115,110.235,113.035,115.70413302609708,117.59154505773729,,0,2084180
1629949500,114.1,114.1,109.625,111.03,115.70413302609708,117.59154505773729,,0,1220610
1630035900,111.3,111.3,106.745,109.155,115.70413302609708,117.59154505773729,,0,1243320
1630295100,110.88,120.07,109.515,120.07,116.16130642087766,116.24923604618985,,0,4128240
1630381500,122.5,124.865,117.73,120.74,116.16130642087766,116.24923604618985,,0,4347190
1630467900,121,122.105,116.02,117.99,116.16130642087766,116.24923604618985,,0,1485420
1630554300,118.98,118.98,115.505,115.94,117.39904513670213,116.79538883695189,,0,1329610
1630640700,116.875,126,116.875,123.4,117.39904513670213,116.79538883695189,124.11,1,5694540
1630899900,123.9,125.5,120.8,122.35,117.39904513670213,116.79538883695189,,0,1797480
1630986300,122.8,122.8,118.8,119.86,118.49623610936172,117.99631106956151,,0,1459030
1631072700,121.075,122.5,117.505,120.68,118.49623610936172,117.99631106956151,,0,2662050
1631159100,121.1,124.795,120.3,122.885,118.49623610936172,117.99631106956151,,0,2857730
1631504700,122.99,132.5,122.985,129.56,120.19298888748938,118.9950488556492,,0,8917460
1631591100,130.4,133.48,126.515,127.845,120.19298888748938,118.9950488556492,,0,4748720
1631677500,128.38,129.48,126.6,126.98,120.19298888748938,118.9950488556492,,0,2284650
1631763900,127.68,130.5,124.815,129.175,120.67839110999151,120.73203908451937,,0,3821640
1631850300,132,132.5,127.7,129.84,120.67839110999151,120.73203908451937,,0,3893210
1632109500,128,129,120.23,122.62,120.67839110999151,120.73203908451937,,0,2704740
1632195900,124,124,118.8,121.535,121.41871288799321,121.38563126761551,,0,2756070
1632282300,122.2,125.095,120,122.595,121.41871288799321,121.38563126761551,123.218575,1,3012670
1632368700,124,129.7,123.2,124.38,121.41871288799321,121.38563126761551,,0,4650130
1632455100,125,129,122.75,125.355,122.77797031039456,122.1085050140924,,0,3055760
1632714300,126.325,128.99,124.855,125.86,122.77797031039456,122.1085050140924,,0,2872690
1632800700,127.2,135,125.055,128.215,122.77797031039456,122.1085050140924,,0,10301030
1632887100,127.7,129.8,126,127.855,127.00737624831565,123.22680401127393,,0,2229390
1632973500,128.875,135,128.51,132.275,127.00737624831565,123.22680401127393,,0,8338850
1633059900,131,145.5,130.8,143.925,127.00737624831565,123.22680401127393,,0,19463930
1633319100,146,149.275,137.5,138.47,128.31090099865253,127.78144320901916,,0,12591310
1633405500,140.4,141.5,136,137.18,128.31090099865253,127.78144320901916,,0,5162260
1633491900,137.9,138.9,132.015,133.525,128.31090099865253,127.78144320901916,,0,3433070
1633578300,135.91,141.9,134.715,136.295,130.18872079892202,129.40715456721531,,0,4726530
1633664700,137.61,140.375,135.13,137.61,130.18872079892202,129.40715456721531,,0,4361800
1633923900,138.1,142.5,136.245,137.7,130.18872079892202,129.40715456721531,,0,5298390
1634010300,137.88,149.8,137.22,144.44,136.89097663913762,131.10172365377224,,0,17843640
1634096700,146.39,168.9,145.1,159.32,136.89097663913762,131.10172365377224,,0,38782560
1634183100,160.9,165.325,152.155,163.7,136.89097663913762,131.10172365377224,,0,13934190
1634528700,163.8,165.44,158.5,159.36,137.47278131131011,137.64137892301778,,0,6680790
1634615100,160.8,161.91,140,149.865,137.47278131131011,137.64137892301778,,0,6656410
1634701500,154.8,155.5,135.25,139.8,137.47278131131011,137.64137892301778,,0,11580330
1634787900,143,146,123.5,131.335,134.9502250490481,138.71310313841423,,0,25726690
1634874300,133,133,126.39,130.28,134.9502250490481,138.71310313841423,,0,5680480
1635133500,131,131,122.2,124.86,134.9502250490481,138.71310313841423,,0,7423760
1635219900,126.5,131.01,125.515,129.265,133.38618003923847,136.27048251073137,,0,3951370
1635306300,129.9,131.3,124.5,125.6,133.38618003923847,136.27048251073137,,0,3804300
1635392700,125.3,127.775,123,127.13,133.38618003923847,136.27048251073137,,0,3274740
1635479100,126.495,128,122.5,124.35,131.3289440313908,134.3153860085851,,0,3479140
1635738300,124.35,127,121.1,122.995,131.3289440313908,134.3153860085851,,0,3267650
1635824700,123.68,126.19,122.5,123.1,131.3289440313908,134.3153860085851,,0,3118030
1635911100,124.16,124.495,121.52,122.515,129.70915522511262,132.28430880686807,,0,2261610
1636029000,123.395,126.105,123.3,124.63,129.70915522511262,132.28430880686807,,0,1357380
1636343100,124.5,124.58,122.1,123.23,129.70915522511262,132.28430880686807,,0,2017610
1636429500,123.8,125.99,122.9,123.48,128.2723241800901,130.58744704549446,,0,7199870
1636515900,123.725,125.4,123,124.06,128.2723241800901,130.58744704549446,,0,2493880
1636602300,124.4,124.6,122.1,122.525,128.2723241800901,130.58744704549446,,0,1459500
1636688700,123,124,121,121.97,127.02285934407207,129.06995763639557,,0,3082460
1636947900,122.5,123.69,120.405,121.155,127.02285934407207,129.06995763639557,,0,3387050
1637034300,121.9,122.9,121.3,122.025,127.02285934407207,129.06995763639557,,0,1700270
1637120700,122.3,122.495,120.78,121.71,122.99328747525765,127.71596610911645,,0,1724300
1637207100,121.79,122.16,115,116.575,122.99328747525765,127.71596610911645,,0,4047370
1637552700,115.65,116.77,100.695,106.875,122.99328747525765,127.71596610911645,,0,5204170
1637639100,103.44,111.99,102.705,108.09,122.20762998020612,122.86077288729317,,0,4604540
1637725500,109.01,121.78,109.01,118.03,122.20762998020612,122.86077288729317,,0,9619760
1637811900,117.7,120.38,115.015,119.065,122.20762998020612,122.86077288729317,,0,3394200
1637898300,116.22,117.9,110.73,111.52,118.05110398416488,121.53261830983453,,0,2940540
1638157500,110,111.52,102.79,103.665,118.05110398416488,121.53261830983453,,0,5112710
1638243900,106.3,108.8,99.05,101.425,118.05110398416488,121.53261830983453,,0,10943700
1638330300,102.295,105,101,103.255,117.2218831873319,117.68509464786761,,0,3157630
1638416700,104.9,113.9,103.8,112.365,117.2218831873319,117.68509464786761,,0,11278760
1638503100,113.5,117.655,112.3,113.905,117.2218831873319,117.68509464786761,,0,7399640
1638762300,115,115.05,108.8,110.905,116.2285065498655,117.14807571829411,,0,3067690
1638848700,112.4,113.14,109.7,111,116.2285065498655,117.14807571829411,,0,2623590
1638935100,112.08,115.99,111.5,112.255,116.2285065498655,117.14807571829411,,0,4192440
1639021500,113.5,114.9,112.5,113.07,115.5388052398924,116.41846057463529,,0,2248740
1639107900,113,114,112.5,112.69,115.5388052398924,116.41846057463529,,0,1214710
1639367100,113.6,117.9,111.795,112.78,115.5388052398924,116.41846057463529,,0,4342480
1639453500,111.9,120.2,111.565,116.695,115.92704419191391,115.51476845970824,,0,6439530
1639539900,116.495,118.4,115.2,116.51,115.92704419191391,115.51476845970824,114.17,0,2678790
1639626300,117.5,118.225,115.555,117.48,115.92704419191391,115.51476845970824,114.17,0,2371190
1639712700,117.5,117.735,109.5,110.705,116.31663535353114,115.9118147677666,,0,3717420
1639971900,109.5,115.2,104.25,112.125,116.31663535353114,115.9118147677666,,0,6437550
1640058300,113.4,120.4,113.125,117.875,116.31663535353114,115.9118147677666,,0,7663880
1640144700,118.4,120.3,116.855,118.16,116.25930828282492,116.40945181421327,,0,6103090
1640231100,118.925,121.3,116.205,116.995,116.25930828282492,116.40945181421327,,0,3295550
1640317500,117.48,118.365,114.105,116.03,116.25930828282492,116.40945181421327,,0,2127110
1640576700,115.3,115.995,113.07,114.215,116.87344662625995,116.18756145137061,,0,1097510
1640663100,114.83,119.075,114.83,116.26,116.87344662625995,116.18756145137061,117.288875,1,2767260
1640749500,116.7,120.3,116.115,119.33,116.87344662625995,116.18756145137061,,0,2957260
1640835900,120.34,120.4,118.14,119.145,117.13975730100796,117.0180491610965,,0,2250790
1640922300,118,120.065,117.7,118.205,117.13975730100796,117.0180491610965,,0,1439950
1641181500,119,124.4,118.56,121.66,118.55780584080637,117.4144393288772,,0,3859700
1641267900,124,125.95,120.8,121.935,118.55780584080637,117.4144393288772,,0,9366120
1641354300,122,124.665,120.8,124.23,118.55780584080637,117.4144393288772,,0,5022000
1641440700,123.37,127.13,121.625,126.685,120.3422446726451,118.60555146310176,,0,6262970
1641527100,127.925,127.95,121.8,123.16,120.3422446726451,118.60555146310176,,0,4977180
1641786300,124.19,128.25,123.5,127.48,120.3422446726451,118.60555146310176,,0,7231250
1641872700,127.39,128.1,125.3,125.79,122.02979573811608,120.3624411704814,,0,2540850
1641959100,127,128.73,124.46,124.985,122.02979573811608,120.3624411704814,,0,3724250
1642045500,125.31,129.565,124.31,128.78,122.02979573811608,120.3624411704814,,0,8670160
1642131900,129,134,127.55,132.205,125.30183659049285,122.08995293638513,,0,12086570
1642391100,133.3,138.475,132.265,135.86,125.30183659049285,122.08995293638513,,0,14379190
1642477500,139.94,142.965,136.8,138.39,125.30183659049285,122.08995293638513,,0,35279280
1642563900,139.495,142.6,137.51,141.955,130.5114692723943,125.5709623491081,,0,16350000
1642650300,142.5,149.865,142.14,148.67,130.5114692723943,125.5709623491081,,0,17673630
1642736700,148.96,152.78,145,151.35,130.5114692723943,125.5709623491081,,0,16433210
1642995900,151.4,151.6,126.11,134.535,132.50917541791543,130.73676987928647,,0,17197650
1643082300,132,142.83,128.48,141.68,132.50917541791543,130.73676987928647,,0,11865530
1643255100,138,142.995,137.995,140.5,132.50917541791543,130.73676987928647,,0,5258290
1643341500,141.4,142.5,139.43,140.625,133.74434033433235,132.86941590342917,,0,3823180
1643600700,141.89,142,138.595,139.49,133.74434033433235,132.86941590342917,,0,2795180
1643687100,139.99,141.825,134.315,138.685,133.74434033433235,132.86941590342917,,0,3745990
1643773500,139.74,141.5,139.06,141.03,134.6804722674659,134.24353272274334,,0,2223920
1643859900,141.9,142.5,139.6,140.29,134.6804722674659,134.24353272274334,,0,3736330
1643946300,140,140.72,138,138.425,134.6804722674659,134.24353272274334,,0,2050000
1644205500,138.415,138.87,132.5,134.2,134.48537781397272,135.07782617819467,,0,3496330
1644291900,132,136.7,131.5,134.645,134.48537781397272,135.07782617819467,,0,6522550
1644378300,135.49,138,132.5,133.705,134.48537781397272,135.07782617819467,,0,3626870
1644464700,134.775,138.245,132.765,136.35,132.19630225117817,135.01726094255574,,0,3905010
1644551100,134.69,135.525,130,130.695,132.19630225117817,135.01726094255574,,0,3929890
1644810300,125,128.755,120.295,123.04,132.19630225117817,135.01726094255574,,0,6729850
1644896700,118.04,128.68,118.04,127.42,131.90604180094255,131.6218087540446,,0,6649190
1644983100,128.695,134.4,128.5,131.11,131.90604180094255,131.6218087540446,132.38400000000001,1,3519020
1645069500,131.8,132.9,130,130.745,131.90604180094255,131.6218087540446,,0,2184640
1645155900,129,131.56,129,129.905,131.21783344075405,131.0974470032357,,0,1634500
1645415100,129.5,133.805,128.79,132.495,131.21783344075405,131.0974470032357,,0,5794780
1645501500,127.2,130.385,127,128.465,131.21783344075405,131.0974470032357,,0,2688000
1645587900,131.4,133.6,127.2,132.4,131.61726675260326,131.15795760258854,,0,4348360
1645674300,127,131.245,121.31,123.985,131.61726675260326,131.15795760258854,,0,4705900
1645760700,129.8,138,126.465,133.215,131.61726675260326,131.15795760258854,,0,5562250
1646019900,132.525,136.605,129.965,133.53,131.3238134020826,131.43136608207084,,0,4207050
1646192700,132.9,135.38,131.79,133.465,131.3238134020826,131.43136608207084,,0,3022140
1646279100,135.9,137.935,128.805,130.15,131.3238134020826,131.43136608207084,,0,4164110
1646365500,129.9,132.5,128,130.97,130.4210507216661,131.12509286565665,,0,3657910
1646624700,127,128.985,125,125.55,130.4210507216661,131.12509286565665,,0,3338480
1646711100,126.75,128.5,124,126.81,130.4210507216661,131.12509286565665,,0,3069100
1646797500,129.195,129.195,125.6,127.385,130.25684057733287,130.73907429252532,,0,3155860
1646883900,131.99,133.5,127.4,128.485,130.25684057733287,130.73907429252532,,0,4898600
1646970300,129.465,132.095,128.925,129.6,130.25684057733287,130.73907429252532,,0,5567780
1647229500,130.6,131.79,125.81,128.77,132.5534724618663,130.71125943402026,,0,6891300
1647315900,129.5,135.76,129.5,134.95,132.5534724618663,130.71125943402026,133.72359999999998,1,8551500
1647402300,136,145.3,135.6,141.74,132.5534724618663,130.71125943402026,143.12050000000002,0,15036670
1647488700,143.4,167.18,142.78,161.905,138.31477796949304,133.2490075472162,,0,64064270
1647834300,166.9,171.82,157.3,164.46,138.31477796949304,133.2490075472162,,0,27983830
1647920700,163.995,169.5,157.5,161.36,138.31477796949304,133.2490075472162,,0,10674190
1648007100,162.4,165,160.68,163.205,142.81982237559444,139.07920603777296,,0,4554120
1648093500,160.8,166,160.635,161.515,142.81982237559444,139.07920603777296,,0,4282320
1648179900,162.15,164.2,160.12,160.84,142.81982237559444,139.07920603777296,,0,3581470
1648439100,161.95,162.78,152.705,154.3,144.75385790047557,143.65336483021838,,0,2890060
1648525500,155.82,157.035,149,152.42,144.75385790047557,143.65336483021838,,0,4429580
1648611900,154.625,156.6,150.21,152.49,144.75385790047557,143.65336483021838,,0,3463790
1648698300,153.87,156.5,151.14,153.675,148.40108632038044,145.6966918641747,,0,4021060
1648784700,154.3,160.73,153.5,154.285,148.40108632038044,145.6966918641747,,0,5510320
1649043900,156.7,164.7,154.81,162.99,148.40108632038044,145.6966918641747,,0,7179630
1649130300,164.5,170,160.1,166,152.20386905630434,149.45735349133977,,0,10409850
1649216700,165.8,174,164.5,167.005,152.20386905630434,149.45735349133977,,0,8859680
1649303100,167.68,169.445,165.305,167.415,152.20386905630434,149.45735349133977,,0,4407410
1649389500,168.78,176.485,168.5,170.05,155.7840952450435,153.3218827930718,,0,15866330
1649648700,171.1,178.24,169.265,171.875,155.7840952450435,153.3218827930718,,0,10875700
1649735100,171.7,173.895,165.24,170.105,155.7840952450435,153.3218827930718,,0,6530760
1649821500,171.495,174.195,167.505,168.365,158.63227619603478,156.95650623445744,,0,5178950
1650253500,167.8,171.385,164.395,165.435,158.63227619603478,156.95650623445744,,0,5497680
1650339900,168.08,174,167.2,170.025,158.63227619603478,156.95650623445744,,0,11077180
1650426300,172.9,175,160.705,162.41,164.80682095682783,160.14520498756593,,0,10438620
1650512700,175.03,194.89,170.28,190.895,164.80682095682783,160.14520498756593,,0,74571840
1650599100,191,199.1,186.54,189.505,164.80682095682783,160.14520498756593,,0,56578590
1650858300,187.4,189.265,182,183.11,168.62045676546228,165.59616399005273,,0,10644440
1650944700,186.2,187.27,181.5,182.48,168.62045676546228,165.59616399005273,,0,8977500
1651031100,181.005,186.77,180.025,183.875,168.62045676546228,165.59616399005273,,0,7046050
1651117500,185.4,189.05,182.815,187.735,171.1503654123698,169.55693119204219,,0,6815220
1651203900,188.83,202.2,188.2,194.92,171.1503654123698,169.55693119204219,,0,27755940
1651463100,193.5,194.41,179.2,181.27,171.1503654123698,169.55693119204219,,0,10309160
1651635900,184,184,168,168.975,165.97029232989584,172.44554495363374,,0,10155100
1651722300,174,174,156,158.34,165.97029232989584,172.44554495363374,,0,17625840
1651808700,152.905,152.905,133.3,145.25,165.97029232989584,172.44554495363374,,0,41330080
1652067900,140.5,151.605,140.1,144.685,160.17123386391668,166.056435962907,,0,20925330
1652154300,144.91,148.2,139.53,141.265,160.17123386391668,166.056435962907,,0,9864380
1652240700,143.095,146,134.33,136.975,160.17123386391668,166.056435962907,,0,8783680
1652327100,136.4,136.4,131.36,133.69,154.73498709113335,160.12514877032558,,0,5602740
1652413500,133,140.555,126.7,131.155,154.73498709113335,160.12514877032558,,0,14435830
1652672700,130.4,134.98,128.325,132.99,154.73498709113335,160.12514877032558,,0,6542330
1652759100,134.99,147,133.81,146.26,152.75498967290667,155.09811901626045,,0,21130630
1652845500,148,153.9,147.505,152.465,152.75498967290667,155.09811901626045,,0,21325720
1652931900,147,147,142.8,144.835,152.75498967290667,155.09811901626045,,0,8800100
1653018300,151,152,142.1,143.75,150.63999173832536,154.27849521300837,,0,11922100
1653277500,144.7,146.195,140.19,141.225,150.63999173832536,154.27849521300837,,0,3939100
1653363900,142.14,145.6,140.6,142.18,150.63999173832536,154.27849521300837,,0,5800440
1653450300,142.495,143.79,127.2,131.39,147.0929933906603,151.9217961704067,,0,11239480
1653536700,133.4,134.5,127.365,130.895,147.0929933906603,151.9217961704067,,0,6755960
1653623100,133.4,138.75,132.125,132.905,147.0929933906603,151.9217961704067,,0,7900920
1653882300,135.8,143,135.1,141.835,147.55739471252824,148.69743693632535,,0,10963470
1653968700,142,149.865,140.055,147.55,147.55739471252824,148.69743693632535,,0,12620010
1654055100,149.025,153.8,146.395,149.415,147.55739471252824,148.69743693632535,,0,14933470
1654141500,149.37,150.78,146.58,147.885,147.12091577002258,148.83194954906028,,0,5842440
1654227900,149.7,155.57,148,148.76,147.12091577002258,148.83194954906028,,0,10215880
1654487100,148.6,148.6,143,145.375,147.12091577002258,148.83194954906028,,0,4057080
1654573500,143.5,150.4,143.28,148.12,147.28773261601808,147.76555963924824,,0,6843260
1654659900,149.4,152,145.01,147.49,147.28773261601808,147.76555963924824,,0,7562420
1654746300,146.5,150.4,145.87,147.955,147.28773261601808,147.76555963924824,,0,5008020
1654832700,146,148.195,144,145.47,143.70118609281445,147.41244771139858,,0,3207200
1655091900,140,140.88,134.1,135.22,143.70118609281445,147.41244771139858,,0,7344980
1655178300,135,137.285,128.69,129.355,143.70118609281445,147.41244771139858,,0,7007480
1655264700,131.5,134,125.23,126.6,138.87394887425157,144.22995816911887,,0,9308150
1655351100,129.4,132.9,120,122.22,138.87394887425157,144.22995816911887,,0,12592730
1655437500,121.6,123.66,117.505,119.565,138.87394887425157,144.22995816911887,,0,9407870
1655696700,121.13,121.4,106.6,109.69,134.06815909940127,139.6099665352951,,0,14023910
1655783100,113.7,118.445,110.3,116.425,134.06815909940127,139.6099665352951,,0,10491680
1655869500,115.5,117.2,110.005,114.845,134.06815909940127,139.6099665352951,,0,9519400
1655955900,114.8,118.48,113.555,114.24,132.179527279521,134.64797322823605,,0,6984070
1656042300,115.995,118.5,115.2,117.725,132.179527279521,134.64797322823605,,0,5829210
1656301500,121.9,125.9,120.16,124.625,132.179527279521,134.64797322823605,,0,9910630
1656387900,123.08,124.7,120.1,122.995,129.86762182361682,132.33437858258884,,0,5281230
1656474300,119.61,122.78,119.1,120.175,129.86762182361682,132.33437858258884,,0,3241790
1656560700,120.9,123.7,120.005,120.62,129.86762182361682,132.33437858258884,,0,4007540
1656647100,120.2,122.8,118.5,121.125,129.03509745889346,129.90750286607107,,0,4145240
1656906300,121.5,127.5,121.5,126.35,129.03509745889346,129.90750286607107,,0,9287270
1656992700,127.345,130.45,125.2,125.705,129.03509745889346,129.90750286607107,,0,7002450
1657079100,126.46,127.48,122.2,124.845,129.01907796711478,129.21800229285685,,0,6137600
1657165500,126.51,131,124.745,130,129.01907796711478,129.21800229285685,,0,5687600
1657251900,131.5,132.285,128.51,128.955,129.01907796711478,129.21800229285685,,0,4822770
1657511100,128.3,132.4,127.9,130.74,129.42426237369182,129.03440183428546,,0,4643500
1657597500,130,133.545,129.5,132.485,129.42426237369182,129.03440183428546,131.541825,1,5223240
1657683900,133.1,137.1,130.1,131.045,129.42426237369182,129.03440183428546,,0,7629910
1657770300,132.5,133.8,130.2,131.215,129.28540989895345,129.72752146742837,,0,5063940
1657856700,127.855,130.835,126.02,128.3,129.28540989895345,129.72752146742837,,0,8098580
1658115900,131.79,131.795,127.905,128.73,129.28540989895345,129.72752146742837,,0,5152120
1658202300,128.04,129.5,126.43,128.365,131.19332791916275,129.39001717394268,,0,4349890
1658288700,130.38,136.345,130.015,134.22,131.19332791916275,129.39001717394268,134.299825,1,12630760
1658375100,133.4,141.8,132.5,138.825,131.19332791916275,129.39001717394268,,0,6543490
1658461500,140,146.9,140,144.94,131.9416623353302,131.51201373915416,,0,13401620
1658720700,144.9,145.665,140.17,141.405,131.9416623353302,131.51201373915416,,0,5129620
1658807100,142.13,142.13,133.5,134.935,131.9416623353302,131.51201373915416,,0,4091490
1658893500,135,135.76,132.25,134.475,132.88932986826416,132.20961099132333,,0,3620790
1658979900,136.325,138.895,135.505,136.585,132.88932986826416,132.20961099132333,,0,3990780
1659066300,138.5,138.99,135.67,136.68,132.88932986826416,132.20961099132333,,0,4607950
1659325500,138,138.77,135.105,135.86,132.5734638946113,133.36768879305868,,0,3475990
1659411900,136.525,137,133.635,135.39,132.5734638946113,133.36768879305868,,0,3891210
1659498300,136.5,137.95,128.895,131.31,132.5734638946113,133.36768879305868,,0,4430720
1659584700,132.5,132.73,124.22,125.32,131.81377111568904,133.19415103444695,,0,9098590
1659671100,126.8,128.7,126,127.06,131.81377111568904,133.19415103444695,,0,4270480
1659930300,128.44,129.9,127.3,128.775,131.81377111568904,133.19415103444695,,0,3609490
1660103100,128.925,129.675,125.6,126.415,131.09601689255123,132.34032082755758,,0,3169310
1660189500,128,131.335,125.5,130.855,131.09601689255123,132.34032082755758,,0,6599840
1660275900,129.5,130.8,127,128.225,131.09601689255123,132.34032082755758,,0,3195960
1660621500,128.8,130.49,127.195,128.665,131.499813514041,131.63225666204607,,0,4150900
1660707900,129.245,132.5,128.72,131.95,131.499813514041,131.63225666204607,,0,5685700
1660794300,132.6,135.4,131.08,133.115,131.499813514041,131.63225666204607,,0,5621390
1660880700,132.2,134,128.505,129.505,130.77785081123278,131.74580532963688,,0,3580520
1661139900,128,131.25,127.5,129.305,130.77785081123278,131.74580532963688,,0,3114060
1661226300,126.66,129.82,126.4,127.89,130.77785081123278,131.74580532963688,,0,2970640
1661312700,128.785,130.36,125.815,126.47,131.2812806489862,131.1536442637095,,0,2892990
1661399100,127.935,132.5,127.085,131.855,131.2812806489862,131.1536442637095,130.5125,1,6293300
1661485500,132.6,136.4,132.1,133.295,131.2812806489862,131.1536442637095,134.354,0,6617660
1661744700,127.5,130.3,127.235,129.165,131.35102451918897,130.42291541096762,,0,3257910
1661831100,130.745,132,129.785,130.73,131.35102451918897,130.42291541096762,,0,2733930
1662003900,130,133.2,129.755,131.63,131.35102451918897,130.42291541096762,,0,2963070
1662090300,132.46,135.775,132.1,132.71,132.8218196153512,130.8303323287741,,0,2793330
1662349500,134,136.9,133.2,134.015,132.8218196153512,130.8303323287741,,0,5911030
1662435900,135.095,143.38,134.765,138.705,132.8218196153512,130.8303323287741,,0,12838630
1662522300,138.845,151.1,138.57,148.665,137.90845569228094,132.43326586301927,,0,15436790
1662608700,152.785,161.5,149.5,159.48,137.90845569228094,132.43326586301927,,0,25276660
1662695100,161.385,161.52,156.3,158.255,137.90845569228094,132.43326586301927,,0,11044310
1662954300,158,160.42,156.305,159.4,141.58776455382477,137.54661269041543,,0,4962790
1663040700,159.5,160.005,153,155.085,141.58776455382477,137.54661269041543,,0,4007320
1663127100,150.7,158.39,150.7,156.305,141.58776455382477,137.54661269041543,,0,3774230
1663213500,157.09,163.1,157,158.36,144.71221164305982,141.45529015233234,,0,6066940
1663299900,157.5,160.175,153.05,156.75,144.71221164305982,141.45529015233234,,0,4577880
1663559100,156.3,160.095,153.21,157.21,144.71221164305982,141.45529015233234,,0,3580250
1663645500,160,160,155.6,156.67,145.90976931444783,145.16423212186587,,0,3251690
1663731900,157.44,157.9,151.555,153.01,145.90976931444783,145.16423212186587,,0,2669690
1663818300,153.78,153.78,149.51,150.7,145.90976931444783,145.16423212186587,,0,3247750
1663904700,150.8,152.69,148.8,149.19,143.95381545155826,146.2913856974927,,0,1552820
1664163900,148.72,148.72,135.105,138.28,143.95381545155826,146.2913856974927,,0,5486100
1664250300,138.975,141.74,135.305,136.13,143.95381545155826,146.2913856974927,,0,2978740
1664336700,135,137.96,130,130.82,142.40305236124658,144.03310855799415,,0,4169120
1664423100,133.2,135.9,131.55,132.93,142.40305236124658,144.03310855799415,,0,2676810
1664509500,133.595,137.8,130.98,136.2,142.40305236124658,144.03310855799415,,0,2970230
1664768700,136.885,137.84,133.935,136.375,144.73244188899724,142.60348684639533,,0,2302340
1664855100,144.2,155,143.075,153.215,144.73244188899724,142.60348684639533,152.675,1,26996570
1665027900,154.745,156.8,151.26,154.05,144.73244188899724,142.60348684639533,,0,7902510
1665114300,154.05,154.05,151.5,152.695,147.1439535111978,144.89278947711628,,0,3264120
1665373500,150.8,161.89,149.52,161.07,147.1439535111978,144.89278947711628,,0,13601710
1665459900,161.495,161.495,156,156.79,147.1439535111978,144.89278947711628,,0,6918700
1665546300,157.885,161.2,157.24,158.845,150.70716280895823,147.49123158169303,,0,11182640
1665632700,159.34,160.5,156.255,158.835,150.70716280895823,147.49123158169303,,0,6471080
1665719100,164.88,167.4,162.015,164.96,150.70716280895823,147.49123158169303,,0,30316450
1665978300,163.66,164.8,160.115,162.575,152.77373024716658,150.7249852653544,,0,7468080
1666064700,163.39,163.695,154.355,160.705,152.77373024716658,150.7249852653544,,0,8261570
1666151100,161.51,163,159.11,161.04,152.77373024716658,150.7249852653544,,0,5728110
1666237500,159,162,158.3,161.455,154.58998419773326,152.37998821228354,,0,4500750
1666323900,161.655,162.25,159.5,161.035,154.58998419773326,152.37998821228354,,0,2975680
1666615500,162,162.5,160.7,161.855,154.58998419773326,152.37998821228354,,0,2490980
1666669500,162.2,162.48,159.315,160.945,156.3569873581866,154.34399056982684,,0,3703930
1666842300,161.48,165.595,160.365,162.12,156.3569873581866,154.34399056982684,,0,4794360
1666928700,161.1,165,161.1,163.425,156.3569873581866,154.34399056982684,,0,4535750
1667187900,163.5,163.5,159.4,160.265,157.12058988654925,156.17519245586146,,0,3180090
1667274300,160.4,162,160.205,161.03,157.12058988654925,156.17519245586146,,0,2151280
1667360700,161,161.985,159.505,160.175,157.12058988654925,156.17519245586146,,0,1379020
1667447100,159.5,160.36,156.6,158.305,156.7254719092394,156.84015396468916,,0,1865950
1667533500,156,158.285,154.685,157.385,156.7254719092394,156.84015396468916,,0,2105110
1667792700,157.7,159.08,154.44,155.145,156.7254719092394,156.84015396468916,,0,1930640
1667965500,156.9,156.9,151.02,151.875,154.10237752739152,156.85212317175132,,0,2945580
1668051900,151.8,151.8,146.61,147.555,154.10237752739152,156.85212317175132,,0,2320170
1668138300,148.295,150.285,143.075,143.61,154.10237752739152,156.85212317175132,,0,2822840
1668397500,144.28,152.89,142.52,151.3,153.9959020219132,154.33769853740105,,0,5356160
1668483900,151.5,155.195,148.8,153.27,153.9959020219132,154.33769853740105,,0,4894550
1668570300,152.7,155.2,150.81,153.57,153.9959020219132,154.33769853740105,,0,3021520
1668656700,153,154.095,151,151.86,152.90072161753056,154.07015882992084,,0,2158670
1668743100,151.86,154,151.12,151.755,152.90072161753056,154.07015882992084,,0,2588090
1669002300,151.98,153.985,147.11,148.52,152.90072161753056,154.07015882992084,,0,2311710
1669088700,148.59,151.385,145.715,147.11,152.22857729402443,152.9741270639367,,0,2587740
1669175100,147.85,149.595,143.02,144.195,152.22857729402443,152.9741270639367,,0,3167300
1669261500,144.925,150.5,144.9,149.54,152.22857729402443,152.9741270639367,,0,3908260
1669347900,150.29,154,149.1,153.665,153.45186183521955,152.43730165114934,,0,4024190
1669607100,154.435,158.485,153.315,157.745,153.45186183521955,152.43730165114934,156.10772500000002,1,4700130
1669693500,158.53,161.67,157.85,158.345,153.45186183521955,152.43730165114934,159.24495,0,4347090
1669779900,159.3,162.35,158.5,159.715,155.14448946817564,153.80984132091947,,0,4542470
1669866300,160.515,162.265,160.2,160.97,155.14448946817564,153.80984132091947,,0,5277970
1669952700,161.9,162.255,159.31,161.915,155.14448946817564,153.80984132091947,,0,2832520
1670211900,158.99,159.485,152.5,154.18,154.8405915745405,154.84587305673557,,0,5343380
1670298300,154.18,157.5,153.63,156.785,154.8405915745405,154.84587305673557,,0,3579900
1670384700,157,157.545,152.5,153.625,154.8405915745405,154.84587305673557,,0,1688870
1670471100,153.98,154.2,150.71,151.88,153.5284732596324,154.67269844538845,,0,1458870
1670557500,152.37,153.49,149.65,150.6,153.5284732596324,154.67269844538845,,0,1870190
1670816700,150,151.465,147.61,148.28,153.5284732596324,154.67269844538845,,0,1434870
1670903100,148.995,155.455,148.9,153.075,152.5577786077059,153.53715875631076,,0,4792460
1670989500,153.19,154.395,151.1,152.625,152.5577786077059,153.53715875631076,,0,3056590
1671075900,152.985,153.505,148.1,148.675,152.5577786077059,153.53715875631076,,0,1964560
1671162300,148.905,149.89,145.555,145.885,149.41622288616472,152.6107270050486,,0,2665580
1671421500,146.615,148.795,142,142.6,149.41622288616472,152.6107270050486,,0,3910540
1671507900,143.5,143.995,135.99,136.85,149.41622288616472,152.6107270050486,,0,6317740
1671594300,138.5,138.5,127.905,129.17,144.44497830893178,149.78858160403888,,0,7571190
1671680700,132.3,134.5,127.63,132.75,144.44497830893178,149.78858160403888,,0,7584500
1671767100,131.55,131.55,123.02,124.56,144.44497830893178,149.78858160403888,,0,3774740
1672026300,125.185,130.8,124.2,129.75,141.62498264714543,144.86786528323108,,0,3498570
1672112700,130.68,132.845,130.2,131.24,141.62498264714543,144.86786528323108,,0,2332470
1672199100,131.5,131.785,129.5,130.345,141.62498264714543,144.86786528323108,,0,1534030
1672285500,129,133.835,129,133.335,139.52698611771635,141.69429222658488,,0,3314250
1672371900,134.75,134.75,130.645,131.135,139.52698611771635,141.69429222658488,,0,3429270
1672631100,132.025,132.765,129.3,131.66,138.27258889417308,139.7604337812679,,0,2165690
1672717500,133,133.65,131.2,131.56,138.27258889417308,139.7604337812679,,0,2108100
1672803900,134.8,136.875,132.2,133.255,138.27258889417308,139.7604337812679,,0,8749070
1672890300,134.26,134.5,129.9,131.15,136.31607111533847,138.66034702501432,,0,2924100
1672976700,132,132.47,127.5,128.07,136.31607111533847,138.66034702501432,,0,3292590
1673235900,130.5,130.62,128.1,128.49,136.31607111533847,138.66034702501432,,0,3086280
1673322300,129.135,129.935,127.6,128.325,134.70785689227077,136.75527762001144,,0,2017470
1673408700,128.51,129.89,128.01,128.3,134.70785689227077,136.75527762001144,,0,1821100
1673495100,129.055,130.7,127.605,128.275,134.70785689227077,136.75527762001144,,0,2781810
1673581500,129,131,127.6,130.51,133.6242855138166,135.20422209600915,,0,2962040
1673840700,131.9,133,130.7,131.6,133.6242855138166,135.20422209600915,,0,4549190
1673927100,132.5,132.99,128.505,129.29,133.6242855138166,135.20422209600915,,0,6872700
1674013500,129.5,129.93,125.425,126.55,132.81042841105327,134.0633776768073,,0,3984690
1674099900,126.55,128.045,126.55,127.515,132.81042841105327,134.0633776768073,,0,3820750
1674186300,128,130.545,127.545,129.555,132.81042841105327,134.0633776768073,,0,3598670
1674445500,130.63,131.1,129.22,129.725,131.28134272884262,133.37670214144583,,0,2122860
1674531900,129.095,130.185,127,127.31,131.28134272884262,133.37670214144583,,0,1160980
1674618300,127.495,127.645,124.36,125.165,131.28134272884262,133.37670214144583,,0,1483610
1674791100,123.5,124.755,116.465,118.18,129.5770741830741,131.40136171315666,,0,4488330
1675050300,118.18,121.855,116.81,119.645,129.5770741830741,131.40136171315666,,0,3354470
1675136700,120.83,124.5,119.755,122.76,129.5770741830741,131.40136171315666,,0,4319000
1675223100,124.5,126.685,118.7,120.415,127.92965934645929,130.02108937052532,,0,3282470
1675309500,120.7,124,120.2,121.3,127.92965934645929,130.02108937052532,,0,1398780
1675395900,121.91,123.98,120.275,121.34,127.92965934645929,130.02108937052532,,0,1925300
1675655100,121.095,121.27,119.5,119.905,125.54172747716743,128.23587149642026,,0,1079540
1675741500,120.505,120.785,116.5,116.785,125.54172747716743,128.23587149642026,,0,2196150
1675827900,116.785,118.26,115.7,115.99,125.54172747716743,128.23587149642026,,0,2906450
1675914300,117.5,117.6,112,112.455,123.13038198173395,126.08869719713621,,0,4349150
1676000700,112.915,116,112.5,113.67,123.13038198173395,126.08869719713621,,0,3960620
1676259900,114.24,114.69,112.445,113.485,123.13038198173395,126.08869719713621,,0,1229790
1676346300,114.01,114.4,111,111.935,121.15030558538714,123.67295775770897,,0,1509830
1676432700,112,113.235,110.97,112.64,121.15030558538714,123.67295775770897,,0,1197930
1676519100,113.205,113.97,112.81,113.23,121.15030558538714,123.67295775770897,,0,1066580
1676605500,110.6,112,109.63,111.125,118.42424446830971,121.05836620616716,,0,3541920
1676864700,112.125,112.125,108.5,109.025,118.42424446830971,121.05836620616716,,0,3172770
1676951100,109.4,111.135,106.955,107.52,118.42424446830971,121.05836620616716,,0,4080000
1677037500,107.395,108.9,106.905,107.66,115.92139557464778,118.32569296493372,,0,2020230
1677123900,108.5,108.585,104.25,107.12,115.92139557464778,118.32569296493372,,0,2431160
1677210300,107.66,108.1,104.24,105.91,115.92139557464778,118.32569296493372,,0,2852110
1677469500,106.43,106.895,102.955,103.645,112.79411645971823,115.94655437194697,,0,2826070
1677555900,101,103.58,101,101.955,112.79411645971823,115.94655437194697,,0,4056700
1677642300,102.465,102.655,99.9,100.285,112.79411645971823,115.94655437194697,,0,5537770
1677728700,100.805,109.505,100.65,106.07,112.6772931677746,112.91824349755757,,0,15575190
1677815100,106.605,114.9,106.605,112.17,112.6772931677746,112.91824349755757,,0,19019290
1678074300,113,115.8,111.1,112.21,112.6772931677746,112.91824349755757,,0,8303810
1678247100,112.21,114.3,111.435,113.72,113.00083453421966,112.77659479804606,,0,3439840
1678333500,114.17,114.475,111.1,112.025,113.00083453421966,112.77659479804606,111.867,0,2785670
1678419900,110.855,116.6,110.22,114.295,113.00083453421966,112.77659479804606,,0,8635670
1678679100,114.295,114.485,107.36,108.805,111.84566762737572,113.08027583843685,,0,4614670
1678765500,108.79,109.695,106.1,107.08,111.84566762737572,113.08027583843685,,0,2951990
1678851900,108.665,113.09,105.765,107.225,111.84566762737572,113.08027583843685,,0,7572240
1678938300,107.765,109,104.075,104.525,111.06253410190057,112.01722067074948,,0,4263010
1679024700,106,110.5,105.025,109.715,111.06253410190057,112.01722067074948,,0,5041740
1679283900,101,112.95,101,107.93,111.06253410190057,112.01722067074948,,0,2619340
1679370300,108.995,110.285,107.2,109.18,112.48802728152046,111.41277653659958,,0,1978830
1679456700,110.3,114.1,110.2,113.72,112.48802728152046,111.41277653659958,112.3885,1,4526070
1679543100,113.505,119.565,111.805,118.19,112.48802728152046,111.41277653659958,,0,10379180
1679629500,118.05,120.5,111.51,113.195,112.76642182521637,112.74022122927965,,0,14458500
1679888700,113.5,114.035,111.425,112.54,112.76642182521637,112.74022122927965,,0,3936070
1679975100,112.5,114.985,112.225,113.88,112.76642182521637,112.74022122927965,,0,3276660
1680061500,113.995,117.67,113.31,116.325,113.57713746017309,112.99117698342373,,0,4684770
1680234300,115.8,118.1,115.52,116.285,113.57713746017309,112.99117698342373,,0,4061050
1680493500,116.685,117.495,115.995,116.82,113.57713746017309,112.99117698342373,,0,1677540
1680666300,117.7,119.99,116.4,116.835,115.27770996813847,113.93294158673898,,0,3571400
1680752700,119.405,121.4,117.31,118.56,115.27770996813847,113.93294158673898,,0,5989630
1681098300,119.6,122.59,119.6,122.08,115.27770996813847,113.93294158673898,,0,4395650
1681184700,122.4,123.8,121.5,122.875,117.49616797451077,115.62635326939119,,0,4403880
1681271100,123.06,125.5,122.78,125.095,117.49616797451077,115.62635326939119,,0,3496830
1681357500,126.1,126.8,125.12,126.37,117.49616797451077,115.62635326939119,,0,2757170
1681703100,126.37,129,126.015,127.68,119.23293437960861,117.77508261551296,,0,5102810
1681789500,132.6,135.885,129,129.745,119.23293437960861,117.77508261551296,,0,27168480
1681875900,130.5,130.5,125.8,126.18,119.23293437960861,117.77508261551296,,0,6085510
1681962300,126.545,127.685,123.055,123.84,120.0663475036869,119.52906609241036,,0,4103070
1682048700,124.005,124.7,120.8,122.28,120.0663475036869,119.52906609241036,,0,4268000
1682307900,123.2,124.495,122.2,123.4,120.0663475036869,119.52906609241036,,0,3461640
1682394300,123.77,125.675,122,122.47,120.70407800294952,120.3772528739283,,0,3045350
1682480700,122.6,123.56,121.5,123.01,120.70407800294952,120.3772528739283,,0,1524930
1682567100,123.01,123.855,122,123.255,120.70407800294952,120.3772528739283,,0,1942320
1682653500,123.295,124.235,122.485,123.005,121.1512624023596,120.96080229914264,,0,1475920
1682999100,123.5,124,122.1,122.595,121.1512624023596,120.96080229914264,,0,2131220
1683085500,122.595,124.3,122.005,122.94,121.1512624023596,120.96080229914264,,0,2306000
1683171900,122.5,123.48,121.64,122.25,122.29100992188769,121.26864183931411,,0,1738680
1683258300,122.255,122.89,121.815,122.165,122.29100992188769,121.26864183931411,,0,1322450
1683517500,122.8,129.545,121.95,126.85,122.29100992188769,121.26864183931411,,0,9113170
1683603900,127.5,131,127.065,130.015,123.80780793751015,122.5149134714513,,0,6060530
1683690300,130.4,132.825,128.595,132.055,123.80780793751015,122.5149134714513,,0,4283120
1683776700,132.7,133.485,129.1,129.875,123.80780793751015,122.5149134714513,,0,2731360
1683863100,129.5,132.4,128.515,132.025,124.87924635000812,123.91193077716102,,0,2795800
1684122300,131.95,132.215,130.3,130.75,124.87924635000812,123.91193077716102,,0,1568980
1684208700,131.39,131.9,128.7,129.165,124.87924635000812,123.91193077716102,,0,1573860
1684295100,129.1,129.7,125.5,126.925,123.8213970800065,124.94954462172882,,0,2266480
1684381500,126.9,126.9,122.81,123.275,123.8213970800065,124.94954462172882,,0,3753700
1684467900,123.9,123.9,118.12,119.59,123.8213970800065,124.94954462172882,,0,4706700
1684727100,120.3,125.99,119.81,124.93,123.35611766400521,124.01963569738305,,0,3960830
1684813500,125.675,126.9,120,120.675,123.35611766400521,124.01963569738305,,0,5310780
1684899900,121.11,122.7,120.23,121.495,123.35611766400521,124.01963569738305,,0,3514380
1684986300,122.12,123.85,121.45,123.355,124.96189413120416,123.63970855790645,,0,3144910
1685072700,124,128.44,123.505,127.78,124.96189413120416,123.63970855790645,126.51339999999999,1,3756320
1685331900,129.5,132,128.655,131.385,124.96189413120416,123.63970855790645,130.02,0,5710010
1685418300,131.695,131.895,129.1,130.095,126.77751530496332,125.25076684632515,,0,2205610
1685504700,130,135,128.045,134.55,126.77751530496332,125.25076684632515,,0,7449480
1685591100,136.5,136.89,132.5,134.04,126.77751530496332,125.25076684632515,,0,3302120
1685677500,134.6,134.91,129.7,131.3,130.33501224397065,127.12061347706012,,0,5775970
1685936700,132.14,140.5,131.405,138.115,130.33501224397065,127.12061347706012,,0,8597950
1686023100,139.1,145.5,138.005,144.565,130.33501224397065,127.12061347706012,,0,14411920
1686109500,144.565,147.995,141.55,145.805,134.05600979517652,130.60949078164808,,0,7110710
1686195900,145.805,147.68,142.2,146.27,134.05600979517652,130.60949078164808,,0,5907090
1686282300,147.1,149.6,143.57,148.94,134.05600979517652,130.60949078164808,,0,4710300
1686541500,150.2,150.6,146.93,149.305,138.1148078361412,134.52759262531845,,0,3262370
1686627900,149.31,153.11,148.4,152.835,138.1148078361412,134.52759262531845,,0,4602250
1686714300,153.1,155,151.6,154.35,138.1148078361412,134.52759262531845,,0,4075080
1686800700,154.355,157.54,153.505,156.295,141.65884626891298,138.49307410025477,,0,4048120
1686887100,156.35,157.695,154.025,155.585,141.65884626891298,138.49307410025477,,0,2876160
1687146300,156.5,156.5,150.81,155.835,141.65884626891298,138.49307410025477,,0,2845100
1687232700,157.1,161,157.1,159.495,144.70507701513037,142.2144592802038,,0,11266200
1687319100,159.495,163,159.495,162.25,144.70507701513037,142.2144592802038,,0,7382060
1687405500,162.495,163.2,155.625,156.89,144.70507701513037,142.2144592802038,,0,3030440
1687491900,157.13,163,157.13,162.245,150.2230616121043,145.19756742416305,,0,9640570
1687751100,161.985,170,161,167.8,150.2230616121043,145.19756742416305,,0,9700900
1687837500,168.9,172.7,168.715,172.295,150.2230616121043,145.19756742416305,,0,8517110
1687923900,172.695,174.395,169.55,171.52,155.13944928968345,150.69705393933046,,0,3217720
1688096700,172.02,172.5,169.74,171.88,155.13944928968345,150.69705393933046,,0,2601330
1688355900,172.9,176.6,172.645,174.805,155.13944928968345,150.69705393933046,,0,4097350
1688442300,176.535,179.37,175.245,177.44,159.37355943174674,155.86464315146435,,0,5248200
1688528700,179,180.115,176.4,179.825,159.37355943174674,155.86464315146435,,0,4994970
1688615100,179.505,179.505,175.16,176.31,159.37355943174674,155.86464315146435,,0,2494730
1688701500,176.2,178.16,170.51,171.215,162.30784754539738,159.9317145211715,,0,3517300
1688960700,172.29,172.4,163.62,170.99,162.30784754539738,159.9317145211715,,0,4472820
1689047100,171.795,174.7,170.41,174.045,162.30784754539738,159.9317145211715,,0,2822310
1689133500,175,176.985,174.005,174.755,164.01227803631792,162.9453716169372,,0,2924000
1689219900,176.1,180.485,173.025,174.415,164.01227803631792,162.9453716169372,,0,8315900
1689306300,174.5,180.4,170.15,170.83,164.01227803631792,162.9453716169372,,0,16699710
1689565500,162.2,163.88,157,158.785,161.29082242905434,162.79629729354974,,0,21556130
1689651900,159.895,160,145.4,146.195,161.29082242905434,162.79629729354974,,0,23040830
1689738300,145.4,152.79,145.2,150.405,161.29082242905434,162.79629729354974,,0,17915740
1689824700,151.75,157.845,151.51,157.05,160.97665794324348,160.5870378348398,,0,10857120
1689911100,156.7,163,154.785,162.385,160.97665794324348,160.5870378348398,160.555,1,10019140
1690170300,162.985,165.42,158.62,159.72,160.97665794324348,160.5870378348398,,0,6554900
1690256700,160.89,161.88,157.205,159.915,160.5983263545948,160.64763026787185,,0,3450340
1690343100,160.73,161.675,158.555,159.27,160.5983263545948,160.64763026787185,,0,2286530
1690429500,160.585,161.705,157.27,159.085,160.5983263545948,160.64763026787185,,0,2114810
1690515900,159.285,159.875,154.5,155.445,158.79666108367584,160.37510421429747,,0,3125920
1690775100,156.045,156.905,152.47,154.11,158.79666108367584,160.37510421429747,,0,4543730
1690861500,154.94,154.94,151.04,151.59,158.79666108367584,160.37510421429747,,0,2817170
1690947900,152,152.5,147.5,147.865,157.11632886694068,158.70008337143798,,0,3246380
1691034300,147.695,149.895,146.2,148.785,157.11632886694068,158.70008337143798,,0,2192650
1691120700,150.39,151.795,149.57,150.395,157.11632886694068,158.70008337143798,,0,2035580
1691379900,153.2,153.795,150.105,151.395,160.37606309355255,157.6000666971504,,0,2605870
1691466300,152.845,173,152.5,170.1,160.37606309355255,157.6000666971504,170.405,1,23125270
1691552700,172,177.495,166.46,173.415,160.37606309355255,157.6000666971504,,0,13239860
1691639100,172.1,175.84,170.175,173.75,163.80985047484202,160.50005335772033,,0,5494130
1691725500,174.095,174.65,170.6,171.96,163.80985047484202,160.50005335772033,,0,2741390
1691984700,171.7,180.095,171.24,177.545,163.80985047484202,160.50005335772033,,0,10448930
1692157500,177.99,181,175,177.345,166.2728803798736,163.99804268617626,,0,7979190
1692243900,176.98,180.195,176.27,177.98,166.2728803798736,163.99804268617626,,0,3060850
1692330300,177.705,177.835,174.125,176.125,166.2728803798736,163.99804268617626,,0,2627350
1692589500,176.145,177.325,174.555,176.18,168.0823043038989,166.42743414894102,,0,1591680
1692675900,176.87,180.325,175.52,176.17,168.0823043038989,166.42743414894102,,0,3707390
1692762300,175,176.1,172.6,175.32,168.0823043038989,166.42743414894102,,0,3109100
1692848700,176.5,177.945,170.105,171.12,170.3498434431191,168.4419473191528,,0,3187220
1692935100,171.9,172.8,167.105,171.46,170.3498434431191,168.4419473191528,,0,2184880
1693194300,170.005,180,170.005,179.42,170.3498434431191,168.4419473191528,,0,5264100
1693280700,180.6,180.79,175.7,177.53,173.6768747544953,170.87355785532225,,0,3438220
1693367100,179.48,180.295,177.625,179.21,173.6768747544953,170.87355785532225,,0,3527280
1693453500,180.5,188.1,179.585,186.985,173.6768747544953,170.87355785532225,,0,16373920
1693539900,189.5,193.725,188.63,191.525,175.94049980359623,174.5988462842578,,0,10754230
1693799100,193.3,193.3,188.08,192.2,175.94049980359623,174.5988462842578,,0,4547080
1693885500,192.5,192.5,183.5,184.995,175.94049980359623,174.5988462842578,,0,7314070
1693971900,186.5,188.215,181.5,182.62,178.28839984287697,176.97907702740625,,0,3274610
1694058300,183.5,185.8,181.555,183.11,178.28839984287697,176.97907702740625,,0,3162600
1694144700,183.2,188.88,183.2,187.68,178.28839984287697,176.97907702740625,,0,3859850
1694403900,187.97,192.195,186.15,188.04,177.75471987430157,179.177261621925,,0,4030750
1694490300,188.465,188.47,176.205,177.06,177.75471987430157,179.177261621925,,0,4884900
1694576700,177.2,179.755,170.5,175.62,177.75471987430157,179.177261621925,,0,5841960
1694663100,176.3,179.37,174.005,178.805,180.16077589944126,178.60180929754,,0,2832570
1694749500,180.87,190.245,180.3,189.355,180.16077589944126,178.60180929754,187.391325,1,8203310
1695008700,190.5,190.625,187.505,189.785,180.16077589944126,178.60180929754,187.765625,0,3142080
1695181500,189.2,189.785,182.7,183.715,180.976620719553,180.72144743803202,,0,2876640
1695267900,183.305,188.235,180.495,186.57,180.976620719553,180.72144743803202,,0,3155750
1695354300,186.4,187.95,181.9,184.24,180.976620719553,180.72144743803202,,0,2658440
1695613500,185.27,187.5,183.63,186.47,183.6552965756424,181.6311579504256,,0,2176130
1695699900,189,189,184.44,185.99,183.6552965756424,181.6311579504256,,0,2770060
1695786300,188,196.59,185.295,194.37,183.6552965756424,181.6311579504256,,0,9555180
1695872700,194.7,195.185,186.64,187.435,183.7292372605139,184.24492636034046,,0,6770280
1695959100,188.3,188.3,183.715,185.065,183.7292372605139,184.24492636034046,,0,4071340
1696304700,184.7,186.715,182.405,184.025,183.7292372605139,184.24492636034046,,0,3067720
1696391100,184.47,186.6,182.655,185.85,186.53638980841112,184.28994108827237,,0,3042860
1696477500,187.365,199.98,185.505,198.92,186.53638980841112,184.28994108827237,196.9803,1,15619600
1696563900,200.1,204.295,196,197.765,186.53638980841112,184.28994108827237,,0,12641620
1696823100,193.7,206.93501,193.49,204.035,191.2831118467289,186.1719528706179,,0,12385510
1696909500,205.5,210.9,204.5,207.17,191.2831118467289,186.1719528706179,,0,8929680
1696995900,207.1,213.6,205.18999,210.27,191.2831118467289,186.1719528706179,,0,8819950
1697082300,212.4,214.98,208,210.73501,194.2154894773831,191.4175622964943,,0,6433940
1697168700,219,224.925,205.555,206.96001,194.2154894773831,191.4175622964943,,0,48622340
1697427900,209.38999,211.4,204.6,205.945,194.2154894773831,191.4175622964943,,0,8470490
1697514300,208.7,212.9,207.505,210.73,199.38139158190648,194.87404983719543,,0,6025800
1697600700,213.2,219.8,210.605,216.105,199.38139158190648,194.87404983719543,,0,11943130
1697687100,215,220.5,213.23501,220.045,199.38139158190648,194.87404983719543,,0,6667930
1697773500,220.4,236.97,219.66499,234.345,205.5871152655252,199.97923986975633,,0,34062390
1698032700,234.8,243.7,221.125,223.505,205.5871152655252,199.97923986975633,,0,18174730
1698205500,225.5,233.23,220.73,230.41001,205.5871152655252,199.97923986975633,,0,10919100
1698291900,229.4,243.21499,224.17,241.38999,215.74169421242013,205.86339189580508,,0,16797810
1698378300,242,254.91499,242,253.58,215.74169421242013,205.86339189580508,,0,17237520
1698637500,253.5,257.61499,246,256.36001,215.74169421242013,205.86339189580508,,0,14350500
1698723900,256.1,259.91499,253.21001,258.195,225.4073553699361,215.91071351664405,,0,8078540
1698810300,258.695,267.71499,257.15,262.955,225.4073553699361,215.91071351664405,,0,13130080
1698896700,267,268.7,262.7,264.07,225.4073553699361,215.91071351664405,,0,5333080
1698983100,265,285,263.4,280.45,231.0568842959489,225.72857081331523,,0,16721320
1699242300,280.9,289.78501,258.7,262.645,231.0568842959489,225.72857081331523,,0,24201220
1699328700,263,264.98,249.33999,253.655,231.0568842959489,225.72857081331523,,0,19517880
1699415100,254.9,269.9,254.76001,267.605,239.2525094367591,231.5628566506522,,0,13415850
1699501500,266.895,276.08999,265.53,270.42,239.2525094367591,231.5628566506522,,0,10295950
1699587900,272.31001,274.4,266.91499,272.03501,239.2525094367591,231.5628566506522,,0,7513370
1699793100,274,275,272.01,273.195,252.1040095494073,240.05028532052174,,0,1416340
1699847100,273.195,283,271.1,281.48501,252.1040095494073,240.05028532052174,,0,7816530
1700019900,283.9,309,283.4,303.51001,252.1040095494073,240.05028532052174,,0,22545400
1700106300,304.5,304.68999,292.105,297.205,261.60520963952587,252.9402282564174,,0,10083220
1700192700,297.205,304.9,289,291.895,261.60520963952587,252.9402282564174,,0,9595380
1700451900,293.7,303.4,290.52,299.61001,261.60520963952587,252.9402282564174,,0,11030120
1700538300,302,303.21499,292.13501,295.22,268.3341677116207,262.75218260513395,,0,4527370
1700624700,295.6,301,292.73999,296.03999,268.3341677116207,262.75218260513395,,0,7325610
1700711100,296.98999,299.82,293.51001,295.25,268.3341677116207,262.75218260513395,,0,2804460
1700797500,297,308,297,304.305,276.4313341692965,269.60174608410716,,0,13257550
1701143100,306.8,319.5,306,306.93999,276.4313341692965,269.60174608410716,,0,12952260
1701229500,310.08999,312.11499,302.7,308.82,276.4313341692965,269.60174608410716,,0,7531040
1701315900,307.55,310.88999,305.82,306.725,280.5950673354372,277.19139686728573,,0,6169980
1701402300,308,312.5,303.01001,305.555,280.5950673354372,277.19139686728573,,0,5173920
1701661500,311,311,295.66001,297.25,280.5950673354372,277.19139686728573,,0,6951360
1701747900,299.8,299.8,290.3,293.81001,285.92605386834975,281.7131174938286,,0,8315810
1701834300,299,324.505,297.72,314.205,285.92605386834975,281.7131174938286,,0,31852560
1701920700,316.005,316.245,305.4,307.25,285.92605386834975,281.7131174938286,,0,6731930
1702007100,309.1,309.7,294.01001,295.61499,290.0598430946798,287.19049399506287,,0,6458000
1702266300,298.6,303.7,295,297.91499,290.0598430946798,287.19049399506287,,0,6570500
1702352700,299.01001,308,297.405,306.595,290.0598430946798,287.19049399506287,,0,7430290
1702439100,306.705,309.525,296.6,303.83999,297.2738744757438,291.09339519605027,,0,4203890
1702525500,307.005,322.5,307.005,319.355,297.2738744757438,291.09339519605027,,0,13064030
1702611900,319.355,330.425,316.02,326.13,297.2738744757438,291.09339519605027,,0,10660260
1702871100,324.8,338.5,317.705,335.53,301.4280995805951,297.8347161568402,,0,6422330
1702957500,333.8,337.3,326.13,328.21001,301.4280995805951,297.8347161568402,,0,3468650
1703043900,328.5,334.995,312.5,318.045,301.4280995805951,297.8347161568402,,0,6889790
1703130300,318.045,328.23501,313.41499,324.81001,306.906479664476,301.8767729254722,,0,3959850
1703216700,328.25,334.22,326.03501,329.23501,306.906479664476,301.8767729254722,,0,2276320
1703562300,330,335,325.85,328.82,306.906479664476,301.8767729254722,,0,2084780
1703648700,330.5,334.1,327.91001,331.655,315.2811837315808,307.6014183403778,,0,2877300
1703735100,332.5,344.495,330.33,341.91001,315.2811837315808,307.6014183403778,,0,3920070
1703821500,343.5,350.5,337.5,348.78,315.2811837315808,307.6014183403778,,0,5411930
1704080700,348.4,361.88999,346.38,358.33,321.81294498526466,315.76113467230226,,0,3131600
1704167100,360,364.2,348.325,353.595,321.81294498526466,315.76113467230226,,0,2866240
1704253500,351.695,352.4,346.5,347.93999,321.81294498526466,315.76113467230226,,0,1817220
1704339900,359.6,375,355.005,358.205,333.56335398821176,324.52890773784185,,0,8463990
1704426300,360.5,377.28,360.5,374.41001,333.56335398821176,324.52890773784185,,0,3388990
1704685500,376,388.41499,375.25,380.56499,333.56335398821176,324.52890773784185,,0,4372380
1704771900,382.93999,389.6,369.255,376.26001,342.6046831905694,336.2111241902735,,0,4329370
1704858300,378.97,381.495,369.5,376.01001,342.6046831905694,336.2111241902735,,0,2431390
1704944700,380,383.52,375,378.77,342.6046831905694,336.2111241902735,,0,2003100
1705031100,382.48999,382.48999,375.02,379.53999,340.68174455245554,345.4668973522188,,0,1506160
1705290300,380,389.5,372.9,387.57,340.68174455245554,345.4668973522188,,0,4318270
1705376700,350,360.5,328,332.98999,340.68174455245554,345.4668973522188,,0,27847530
1705463100,339,349.4,324.01499,333.33501,339.3053956419644,344.173517881775,,0,14152660
1705549500,337.1,338.8,327,329.46001,339.3053956419644,344.173517881775,,0,4629580
1705635900,334.98999,337.76001,329.7,333.8,339.3053956419644,344.173517881775,,0,2417300
1705722300,334.97,334.97,320,324.62,330.17731451357156,342.33281430542,,0,2371290
1705981500,327.5,329.645,293,297.245,330.17731451357156,342.33281430542,,0,6183790
1706067900,299.5,304.4,287.605,293.66499,330.17731451357156,342.33281430542,,0,8430960
1706154300,296,298.1,284.35,292.12,326.01685161085726,333.066251444336,,0,6587710
1706499900,292.12,295.9,284.625,295.03,326.01685161085726,333.066251444336,,0,7762760
1706586300,296.795,311.43999,295.105,309.375,326.01685161085726,333.066251444336,,0,6614000
1706672700,311.7,329.9,307.13,328.53501,327.5804832886858,328.7930011554688,,0,5583150
1706759100,329,337.78999,328.5,335.88501,327.5804832886858,328.7930011554688,,0,4894700
1706845500,339.98999,343.61001,322.1,333.83501,327.5804832886858,328.7930011554688,,0,4246360
1707104700,332.5,335.455,319.2,321.255,328.96438663094864,329.53440092437506,,0,2441320
1707191100,321.26499,325.32,306.02,313.25,328.96438663094864,329.53440092437506,,0,3376930
1707277500,321.9,336.345,320.28,334.5,328.96438663094864,329.53440092437506,,0,4577520
1707363900,336.3,343.82,336.3,339.83999,327.2555093047589,330.8875207395,,0,3663870
1707450300,341.87,343.76001,330.1,339.43501,327.2555093047589,330.8875207395,,0,2067130
1707709500,340,341.81499,318,320.42,327.2555093047589,330.8875207395,,0,2092800
1707795900,320.42,328.33999,311.705,326.305,327.1994074438071,328.79401659160004,,0,1725740
1707882300,322.5,329.345,319.275,327.58501,327.1994074438071,328.79401659160004,,0,1388840
1707968700,330.53,331.845,325.16001,326.975,327.1994074438071,328.79401659160004,,0,1368260
1708055100,328.7,330.895,323.525,327.51499,324.7415279550457,328.77521327328003,,0,949310
1708314300,329.5,330.41001,315.695,322.93501,324.7415279550457,328.77521327328003,,0,1230640
1708400700,323.93999,327,312.445,314.91001,324.7415279550457,328.77521327328003,,0,2186900
1708487100,317,318.58,308,308.93501,320.56022436403657,326.420170618624,,0,1312980
1708573500,312.745,314.345,303.6,306.36001,320.56022436403657,326.420170618624,,0,2823450
1708659900,312,312.5,302.21001,303.83501,320.56022436403657,326.420170618624,,0,3206520
1708919100,304,309.21001,295.61001,297.28999,313.79217949122926,321.9361364948992,,0,3104030
1709005500,302.5,302.5,291,291.78,313.79217949122926,321.9361364948992,,0,3658860
1709091900,294.4,294.5,285.655,286.72,313.79217949122926,321.9361364948992,,0,2231160
1709178300,286.9,290,275.05,278.27,307.6967415929834,314.92890919591935,,0,6853260
1709264700,281.695,289.2,279.405,281.38999,307.6967415929834,314.92890919591935,,0,4698860
1709351100,281.995,285,281.995,283.31499,307.6967415929834,314.92890919591935,,0,317030
1709523900,292.5,295.53999,280,287.87,301.3583932743867,310.4431273567355,,0,10099840
1709610300,290,291.545,285.21001,288.25,301.3583932743867,310.4431273567355,,0,1934970
1709696700,287.5,287.78,275,276.005,301.3583932743867,310.4431273567355,,0,3260180
1709783100,278.425,282.31001,272.51001,273.61499,291.6087166195093,304.0395018853884,,0,2612600
1710128700,273.93501,275.08999,262.5,267.445,291.6087166195093,304.0395018853884,,0,4068090
1710215100,268.43999,268.55,250.2,252.61001,291.6087166195093,304.0395018853884,,0,5541360
1710301500,253.88,256.07,233.53999,243.52,285.78597329560745,294.00760150831076,,0,8119400
1710387900,244.58999,268.5,242.275,265,285.78597329560745,294.00760150831076,,0,8141040
1710474300,269.3,270.4,251.1,262.495,285.78597329560745,294.00760150831076,,0,4775310
1710733500,262.495,267.5,252.5,253.61001,280.461776636486,287.70508120664863,,0,2796450
1710819900,253,255.73999,245.65,247.42,280.461776636486,287.70508120664863,,0,1793910
1710906300,248.78999,267.8,248.605,259.16499,280.461776636486,287.70508120664863,,0,6030670
1710992700,264.995,266.9,260.18501,261.58501,278.81042130918877,283.1630649653189,,0,2722250
1711079100,262.005,271.995,261.595,266.06499,278.81042130918877,283.1630649653189,,0,4405710
1711424700,273.5,276.08999,267.46499,272.205,278.81042130918877,283.1630649653189,,0,5169910
1711511100,273.005,299.9,265.38999,297.305,283.558337047351,281.13145197225515,,0,12370510
1711597500,304,311.5,297.51001,304.5,283.558337047351,281.13145197225515,306.8275,1,8726010
1711943100,312.5,314.395,300.13999,302.55,283.558337047351,281.13145197225515,,0,4754700
1712029500,301.805,305.88999,298.91001,301.06499,287.2446676378808,285.26616157780416,,0,2741530
1712115900,303.005,321.5,303.005,317.13,287.2446676378808,285.26616157780416,,0,6639840
1712202300,318.53,322.91499,297.005,301.98999,287.2446676378808,285.26616157780416,,0,9860430
1712288700,300.08999,300.1,293.21001,297.78999,286.79573411030464,288.2309272622433,,0,4803100
1712547900,299.83999,304.225,293.205,294.51499,286.79573411030464,288.2309272622433,,0,2794130
1712634300,296,297.46001,283.6,285,286.79573411030464,288.2309272622433,,0,4281730
1712720700,285.47,293.77,282.105,291.205,286.13958528824367,287.67874180979464,,0,4444700
1712893500,290.62,291.08999,287.12,288.1,286.13958528824367,287.67874180979464,,0,2887100
1713152700,278.5,286.42,272.205,283.51499,286.13958528824367,287.67874180979464,,0,3719010
1713239100,277,288.9,277,285.205,282.6736702305949,285.5429934478357,,0,3311600
1713411900,308.9,310,277.1,279.28,282.6736702305949,285.5429934478357,,0,26863900
1713498300,277.995,277.995,267.545,268.81001,282.6736702305949,285.5429934478357,,0,11617240
1713757500,272.995,284,271.125,282.57,282.9769341844759,283.0333947582686,,0,7277460
1713843900,285.8,288.4,282.5,285.63,282.9769341844759,283.0333947582686,,0,4091000
1713930300,286.93999,288.08,282.73,284.18999,282.9769341844759,283.0333947582686,,0,2762600
1714016700,282.475,285,280.505,283.705,281.65854934758073,282.9217158066149,,0,2184580
1714103100,284.1,292.6,280,281.68,281.65854934758073,282.9217158066149,,0,3163130
1714362300,288.5,289,275,276.38501,281.65854934758073,282.9217158066149,,0,3633580
1714448700,278.995,283,276.5,278.66001,279.6608394780646,282.1363726452919,,0,2268660
1714621500,279.43999,281.075,276.96001,277.73,279.6608394780646,282.1363726452919,,0,5959380
1714707900,279.2,279.795,270.555,271.67,279.6608394780646,282.1363726452919,,0,2400900
1714967100,274.225,274.995,262.03,263.055,275.15567358245164,280.5540981162335,,0,3539570
1715053500,266,270.11499,257.505,258.36499,275.15567358245164,280.5540981162335,,0,4160670
1715139900,258.36499,262,256,257.13501,275.15567358245164,280.5540981162335,,0,3085740
1715226300,258.5,261.48501,240.5,242.03501,269.6635388659613,276.1432784929868,,0,6892380
1715312700,247.38999,253,241.38501,247.01499,269.6635388659613,276.1432784929868,,0,6775970
1715571900,248.595,252.795,240.1,247.695,269.6635388659613,276.1432784929868,,0,8177720
1715658300,249,262.98,249,261.205,270.157833092769,270.7146227943894,,0,7259570
1715744700,264.005,270.1,256.345,268.08999,270.157833092769,270.7146227943894,,0,6656040
1715831100,270.2,273,268.3,272.13501,270.157833092769,270.7146227943894,,0,4284500
1715917500,273.5,275.8,271.005,274.93,269.26626647421523,271.2716982355115,,0,2893630
1716003900,277,277,274.005,275.65,269.26626647421523,271.2716982355115,,0,344880
1716263100,275.65,275.75,263.5,265.7,269.26626647421523,271.2716982355115,,0,5127990
1716349500,267,267.67,259.5,260.61001,267.40401317937216,270.41735858840923,,0,3778710
1716435900,261,264.6,260.8,261.76001,267.40401317937216,270.41735858840923,,0,2505200
1716522300,261.8,263.5,259.6,259.955,267.40401317937216,270.41735858840923,,0,1951630
1716781500,262.5,266.46001,258,258.275,263.7732105434977,268.8338868707274,,0,2821540
1716867900,259,260,252.5,253.775,263.7732105434977,268.8338868707274,,0,2173530
1716954300,252.5,253.775,248.6,249.25,263.7732105434977,268.8338868707274,,0,2881750
1717040700,249.25,250.795,246,247.42,262.5735684347982,264.91710949658193,,0,3548530
1717127100,249.58999,250.5,243.705,246.73,262.5735684347982,264.91710949658193,,0,5454330
1717386300,264.5,264.68501,254.2,257.775,262.5735684347982,264.91710949658193,,0,5880660
1717472700,257,257,212.97,224.78501,260.35785474783853,263.33368759726557,,0,13379480
1717559100,232.5,240.405,228.5,235.295,260.35785474783853,263.33368759726557,,0,7778980
1717645500,242.06499,253,238.805,251.495,260.35785474783853,263.33368759726557,,0,6670680
1717731900,254.76499,260,250.53999,259.005,261.93428179827083,261.61994807781247,,0,3607210
1717991100,261,263.4,257.5,262.755,261.93428179827083,261.61994807781247,255.78,0,3698750
1718077500,262.6,269.4,260.21499,268.23999,261.93428179827083,261.61994807781247,265.359,1,3350250
1718163900,269.105,269.4,260.9,263.55,261.58742543861666,263.11695846224995,,0,5227960
1718250300,265.5,269.7,261.7,262.86001,261.58742543861666,263.11695846224995,,0,3962940
1718336700,262.86001,265.06499,259.605,260.2,261.58742543861666,263.11695846224995,,0,2824390
1718682300,262.6,267.8,262.13999,264.65,260.8979383508933,263.0135667697999,,0,5191680
1718768700,267,267.305,260.01001,260.775,260.8979383508933,263.0135667697999,,0,2866140
1718855100,260.2,261.98501,257.5,258.13999,260.8979383508933,263.0135667697999,,0,1887610
1718941500,260,263.5,257.63,261.295,259.87435068071466,262.41085341583994,,0,6404690
1719200700,262.295,262.43999,257.17,257.78501,259.87435068071466,262.41085341583994,,0,2082010
1719287100,258.6,259.825,252.5,255.78,259.87435068071466,262.41085341583994,,0,3170330
1719373500,256.97,261.975,253.83999,259.845,259.9394805445717,261.322682732672,,0,3525640
1719459900,260.05,265.75,257.53999,259.08,259.9394805445717,261.322682732672,,0,4766610
1719546300,262.1,264.88,258.61001,260.2,259.9394805445717,261.322682732672,,0,2989070
1719805500,259.9,259.9,253.2,257.86001,254.8235864356574,261.0381461861376,,0,5520690
1719891900,235.975,244.88501,231.255,235.325,254.8235864356574,261.0381461861376,,0,53990720
1719978300,235.705,239.4,228.705,234.36001,254.8235864356574,261.0381461861376,,0,18110170
1720064700,235.18,236.5,232.2,234.3,250.44587114852592,255.86651694891012,,0,6918070
1720151100,236.505,241,234.5,236.36001,250.44587114852592,255.86651694891012,,0,10429610
1720410300,238.98999,238.98999,231.525,232.93501,250.44587114852592,255.86651694891012,,0,4846200
1720496700,235.3,236.6,222.2,224.205,244.57869891882075,251.7532135591281,,0,11308600
1720583100,223,227.31001,220.11001,222.045,244.57869891882075,251.7532135591281,,0,10697570
1720669500,223,224.3,220.8,221.11001,244.57869891882075,251.7532135591281,,0,7214960
1720755900,222.595,225.61499,222.11499,224.38501,240.1589591350566,245.92157084730246,,0,4008860
1721015100,227.73999,229.4,224.6,227.755,240.1589591350566,245.92157084730246,,0,6207070
1721101500,231.2,232.02,221,222.48,240.1589591350566,245.92157084730246,,0,11217080
1721274300,222.61001,223.26499,215.5,215.88,234.5361673080453,241.25925867784198,,0,6826040
1721360700,215.9,216.5,208.01001,208.68999,234.5361673080453,241.25925867784198,,0,6890130
1721619900,209,214,205.8,212.045,234.5361673080453,241.25925867784198,,0,8926600
1721706300,211.845,231.605,202.5,222.305,230.21393384643625,235.37640694227358,,0,31170160
1721792700,225.105,225.16001,216.27,218.125,230.21393384643625,235.37640694227358,,0,9107000
1721879100,217.705,217.71499,212.5,212.925,230.21393384643625,235.37640694227358,,0,4945590
1721965500,212.925,216.3,211.595,212.96499,226.97914507714898,230.88612555381889,,0,6475130
1722224700,215,216.57,213.155,213.98501,226.97914507714898,230.88612555381889,,0,4048370
1722311100,214.7,215.12,212.62,214.03999,226.97914507714898,230.88612555381889,,0,4609550
1722397500,208.905,227.48,208.3,216.61499,226.47831606171917,226.4899004430551,,0,28666510
1722483900,216.93999,224.7,216.905,223.745,226.47831606171917,226.4899004430551,,0,10856220
1722570300,219,230.95,218.6,224.475,226.47831606171917,226.4899004430551,,0,12138600
1722829500,218.08,220,211.5,212.18,224.23665284937533,224.80792035444406,,0,8703570
1722915900,218.08999,218.08999,203,205.13999,224.23665284937533,224.80792035444406,,0,9327340
1723002300,208,216.825,206.62,215.27,224.23665284937533,224.80792035444406,,0,6839810
1723088700,216.5,218.51001,213.495,215.07,221.47732027950028,223.14633628355523,,0,4870680
1723175100,217.4,219.3,216.06001,217.43,221.47732027950028,223.14633628355523,,0,3247470
1723434300,217.5,220.81001,209.83999,210.43999,221.47732027950028,223.14633628355523,,0,6941460
1723520700,212.595,212.595,208.275,209.325,220.38485422360023,221.0360690268442,,0,5259660
1723607100,211.495,211.995,207.8,211.405,220.38485422360023,221.0360690268442,,0,2981780
1723779900,214,217.055,211,216.01499,220.38485422360023,221.0360690268442,,0,3854910
1724039100,219.5,237.995,217.525,234.12,230.30588137888017,220.72885522147536,,0,41875720
1724125500,237.025,273.995,234.83,269.68999,230.30588137888017,220.72885522147536,269.88507500000003,1,147035060
1724211900,265.995,285.5,261.705,269.98999,230.30588137888017,220.72885522147536,,0,70878440
1724298300,270.675,273,260,261.675,237.38270310310412,230.7180841771803,,0,17012990
1724384700,262.97,263.98,255,256.31499,237.38270310310412,230.7180841771803,,0,10456120
1724643900,258.97,270,258.5,265.68999,237.38270310310412,230.7180841771803,,0,13583790
1724730300,267.9,268.68,259,260.16499,241.3271624824833,238.1544673417442,,0,5287450
1724816700,261,264.98501,257.08999,262.175,241.3271624824833,238.1544673417442,,0,6274600
1724903100,264.3,264.3,255.8,257.105,241.3271624824833,238.1544673417442,,0,4621280
1724989500,259.9,263.62,254.5,258.63501,243.95272998598662,242.50357387339537,,0,5103320
1725248700,261,262.2,255,256.03501,243.95272998598662,242.50357387339537,,0,4990890
1725335100,257.305,262.86499,251.83999,254.455,243.95272998598662,242.50357387339537,,0,6881400
1725421500,252,259.005,251.2,255.22,243.4491859887893,244.40285909871628,,0,5298240
1725507900,257,257.38,250,250.63999,243.4491859887893,244.40285909871628,,0,5575480
1725594300,254,254.86499,240.105,241.43501,243.4491859887893,244.40285909871628,,0,8052340
1725853500,240,246.975,231.515,245.58,242.68434879103143,243.522287278973,,0,7945890
1725939900,248.5,250.62,242.835,245.235,242.68434879103143,243.522287278973,,0,6091550
1726026300,244.9,245.285,238.74,239.625,242.68434879103143,243.522287278973,,0,3262270
1726112700,240,245.4,237.19,241.22,245.7714790328251,242.8178298231784,,0,4985400
1726199100,242.3,246.5,240.8,245.175,245.7714790328251,242.8178298231784,237.454,0,4866430
1726458300,247.28,263.77,245.505,258.12,245.7714790328251,242.8178298231784,259.81345,1,21329270
1726544700,258,260.03,253,255.78,247.10518322626007,245.8542638585427,,0,6666340
1726631100,255.6,269.4,253.605,261.62,247.10518322626007,245.8542638585427,,0,26310220
1726717500,264.9,265.4,247.205,252.44,247.10518322626007,245.8542638585427,,0,11857480
1726803900,254.405,261.4,252.6,259.08,249.68814658100806,247.56441108683416,,0,9698840
1727063100,260.89,264.765,258.13,261.655,249.68814658100806,247.56441108683416,,0,6943210
1727149500,262.515,264.5,258.505,260.02,249.68814658100806,247.56441108683416,,0,5052130
1727235900,259.5,259.5,253,253.9,250.39651726480642,249.95152886946735,,0,5038640
1727322300,253.895,254.4,244.525,247.565,250.39651726480642,249.95152886946735,,0,7628780
1727408700,248.94,256.8,246.8,253.23,250.39651726480642,249.95152886946735,,0,7023580
1727667900,249.38,260.8,249.3,256.17,255.16021381184515,249.83722309557388,,0,11621730
1727754300,260.205,275.38,258,260.01,255.16021381184515,249.83722309557388,,0,50494360
1727927100,252.5,279.43,245,274.215,255.16021381184515,249.83722309557388,,0,75595240
1728013500,270.745,274.98,262,266.17,256.0711710494761,254.0187784764591,,0,27982160
1728272700,268.97,268.97,249.605,251.475,256.0711710494761,254.0187784764591,,0,18282230
1728359100,252.5,261.5,252.265,259.715,256.0711710494761,254.0187784764591,,0,11150140
1728445500,259.715,267.1,258.005,259.405,258.91893683958085,255.15802278116726,,0,7770610
1728531900,260,263.435,255.1,260.655,258.91893683958085,255.15802278116726,,0,7409790
1728618300,261,271.865,260.71,270.31,258.91893683958085,255.15802278116726,,0,12851830
1728877500,271.89,283,267.6,272.305,271.8551494716647,258.50441822493383,,0,34269690
1728963900,294,325.8,286.6,322.455,271.8551494716647,258.50441822493383,,0,209077500
1729050300,316.5,339.3,309.42,323.6,271.8551494716647,258.50441822493383,,0,131953250
1729136700,321.995,323,308.23,312.785,277.81111957733174,271.20253457994704,,0,48814840
1729223100,311.41,321.785,306.1,311.44,277.81111957733174,271.20253457994704,,0,41492410
1729482300,313.66,316.705,300,301.635,277.81111957733174,271.20253457994704,,0,20392930
1729568700,301.84,305.77,285.8,287.79,279.6448956618654,277.3300276639576,,0,21484140
1729655100,288.925,304.9,286,296.28,279.6448956618654,277.3300276639576,,0,26228760
1729741500,298,299.295,286,286.98,279.6448956618654,277.3300276639576,,0,11663970
1729827900,288.5,292.5,276.03,279.88,283.1069165294923,279.5640221311661,,0,14177510
1730087100,284.195,294,281.03,286.6,283.1069165294923,279.5640221311661,,0,20458860
1730173500,287.1,298.315,282.48,296.955,283.1069165294923,279.5640221311661,,0,15432130
1730259900,296.955,312.4,296.185,302.85,287.88953322359384,283.04221770493285,,0,22272290
1730346300,304.4,306.9,297.605,305.16,287.88953322359384,283.04221770493285,,0,10428310
1730464200,307.9,310,305,307.02,287.88953322359384,283.04221770493285,,0,2762460
1730691900,305.7,307.49,286.11,288.605,289.1186265788751,287.57377416394627,,0,14364670
1730778300,289.7,293,283.305,291.595,289.1186265788751,287.57377416394627,,0,17071570
1730864700,293.5,298.48,292.255,294.035,289.1186265788751,287.57377416394627,,0,11031740
1730951100,294.795,301.5,287.665,288.63,286.87990126310007,289.018019331157,,0,13383750
1731037500,290.995,297.46,283.2,284.8,286.87990126310007,289.018019331157,,0,15089880
1731296700,283.9,284.05,276.125,277.925,286.87990126310007,289.018019331157,,0,10016050
1731383100,279.8,283.895,272,273.98,283.41692101048005,287.1744154649256,,0,8312260
1731469500,273,274.84,260.5,261.405,283.41692101048005,287.1744154649256,,0,11039020
1731555900,264.2,278.235,262.3,269.565,283.41692101048005,287.1744154649256,,0,16798080
1731901500,270.595,271.785,262.3,266.905,281.11953680838405,283.85853237194044,,0,8398610
1731987900,268.5,275.4,265,267.745,281.11953680838405,283.85853237194044,,0,8155850
1732160700,265.99,274.1,262.6,271.93,281.11953680838405,283.85853237194044,,0,10303560
1732247100,274.065,274.495,266.805,269.46,283.07962944670726,281.8998258975524,,0,7679230
1732506300,273.305,288.2,273.305,279.905,283.07962944670726,281.8998258975524,283.877,1,18894960
1732592700,279.11,293.8,277.51,290.92,283.07962944670726,281.8998258975524,,0,18340470
1732679100,295.5,296.9,287.8,291.105,284.4057035573658,284.6198607180419,,0,14570600
1732765500,291.9,295.925,285.5,288.37,284.4057035573658,284.6198607180419,,0,10521710
1732851900,289.9,295.4,288.025,289.71,284.4057035573658,284.6198607180419,,0,9746200
1733111100,283.86,294.5,283.86,293.55,288.1655628458926,284.4678885744335,,0,7844870
1733197500,294.105,308.73,293.61,307.705,288.1655628458926,284.4678885744335,304.09905000000003,1,20368890
1733283900,307.8,309.8,301.49,303.205,288.1655628458926,284.4678885744335,,0,8684620
1733370300,304.55,324.53,303.945,322.17,299.0394502767141,288.4843108595468,,0,33279900
1733456700,318,332.885,307,329.28,299.0394502767141,288.4843108595468,,0,43695120
1733715900,329.5,350.315,328.735,342.535,299.0394502767141,288.4843108595468,,0,42439640
1733802300,344.155,347.905,336.6,339.22,307.8885602213713,299.6184486876374,,0,19117150
1733888700,341,346.2,339.265,339.955,307.8885602213713,299.6184486876374,,0,12228060
1733975100,341.9,347.195,339.8,343.285,307.8885602213713,299.6184486876374,,0,12233290
1734061500,342.895,342.895,328.255,338.89,309.39584817709704,308.27375895010994,,0,22302810
1734320700,340,340,321.29,322.73,309.39584817709704,308.27375895010994,,0,24969860
1734407100,324,326.595,314.515,315.425,309.39584817709704,308.27375895010994,,0,15031900
1734493500,317.1,319.5,308.24,311.25,305.1506785416776,310.0390071600879,,0,14758670
1734579900,305,312.695,301.9,304.53,305.1506785416776,310.0390071600879,,0,13839670
1734666300,306.36,308.465,285,288.17,305.1506785416776,310.0390071600879,,0,21123110
1734925500,293.49,295.87,283.635,285.955,302.1995428333421,306.7292057280703,,0,11676900
1735011900,287.5,294.695,285.8,290.04,302.1995428333421,306.7292057280703,,0,12271900
1735184700,293,293.495,287.025,290.395,302.1995428333421,306.7292057280703,,0,7380700
1735271100,291,295.985,282.705,288.475,300.39263426667367,303.5833645824563,,0,8367570
1735530300,288.905,294.5,284.69,292.88,300.39263426667367,303.5833645824563,,0,11000140
1735616700,290.5,293.695,283.755,293.165,300.39263426667367,303.5833645824563,,0,8231180
1735703100,295,304.2,293.255,301.745,297.4381074133389,301.86669166596505,,0,15914370
1735789500,303.395,303.955,296.235,297.635,297.4381074133389,301.86669166596505,,0,9628820
1735875900,297.635,299.9,284.92,285.62,297.4381074133389,301.86669166596505,,0,19560720
1736135100,288.5,299,273.25,275.185,291.02348593067114,299.19335333277206,,0,23872810
1736221500,277.5,280.26,269.515,276.145,291.02348593067114,299.19335333277206,,0,15820350
1736307900,278.4,278.485,263.005,265.365,291.02348593067114,299.19335333277206,,0,19139940
1736394300,266,268.8,261.2,262.585,281.7497887445369,292.5546826662177,,0,12901010
1736480700,262.8,264.4,253.3,254.405,281.7497887445369,292.5546826662177,,0,13084520
1736739900,251,255.57,239.2,244.655,281.7497887445369,292.5546826662177,,0,24318970
1736826300,237,242.59,227.4,237.055,275.1098309956295,281.4437461329741,,0,62279210
1736912700,238.055,252.7,237.7,249.735,275.1098309956295,281.4437461329741,,0,28488960
1736999100,251.1,256.77,245.52,248.55,275.1098309956295,281.4437461329741,,0,16095700
1737085500,248.5,249.445,244.2,245.45,270.5938647965036,274.8549969063793,,0,6858770
1737344700,245.45,260.9,243.015,258.75,270.5938647965036,274.8549969063793,,0,19573850
1737431100,257.3,258.715,248.21,252.53,270.5938647965036,274.8549969063793,,0,10966990
1737517500,251.5,252.275,239,244.235,263.16209183720287,270.18399752510345,,0,13108290
1737603900,243.4,249.4,239.78,243.145,263.16209183720287,270.18399752510345,,0,12265680
1737690300,241.41,243.97,232,233.435,263.16209183720287,270.18399752510345,,0,13483120
1737949500,230.665,231.2,218.85,221.265,256.4606734697623,262.28019802008276,,0,18670830
1738035900,221.58,224.91,215.03,218.58,256.4606734697623,262.28019802008276,,0,16040310
1738122300,219.805,231.865,218.205,229.655,256.4606734697623,262.28019802008276,,0,12774780
1738208700,231,232.895,225.5,227.78,254.74653877580985,256.0241584160662,,0,13058170
1738295100,228.8,235.5,226.01,234.61,254.74653877580985,256.0241584160662,,0,7699790
1738381500,234.48,252,229.65,247.89,254.74653877580985,256.0241584160662,,0,14217430
1738554300,242.395,242.395,230.475,232.575,253.7612310206479,253.29832673285296,,0,11295820
1738640700,233.605,238.825,230.71,235.035,253.7612310206479,253.29832673285296,235.24262499999998,1,8384890
1738727100,238,253.685,238,249.82,253.7612310206479,253.29832673285296,249.879725,0,27419690
1738813500,249.85,250.4,243.145,243.85,249.86498481651833,252.60866138628234,,0,6583130
1738899900,244,248.46,240.135,241.28,249.86498481651833,252.60866138628234,,0,7300370
1739159100,241.28,242.695,233,234.28,249.86498481651833,252.60866138628234,,0,6177010
1739245500,234.99,235.945,221.205,226.05,246.14398785321464,249.08492910902586,,0,11371590
1739331900,227.875,238,219.5,234.86,246.14398785321464,249.08492910902586,,0,21773250
1739418300,234.86,236.905,230.1,231.26,246.14398785321464,249.08492910902586,,0,7029190
1739504700,232.695,234.125,219.5,220.935,241.1831902825717,245.8069432872207,,0,9065350
1739763900,220.12,227,215.01,221.16,241.1831902825717,245.8069432872207,,0,10783760
1739850300,222,223.05,216.675,221.34,241.1831902825717,245.8069432872207,,0,6904990
1739936700,220.1,233.23,217.215,232.125,240.07855222605735,240.66555462977652,,0,11424070
1740023100,229.5,240.3,227.905,239.28,240.07855222605735,240.66555462977652,,0,9862180
1740109500,237,244.12,233.43,235.66,240.07855222605735,240.66555462977652,,0,8481640
1740368700,232.935,234.395,225.2,227.305,235.97884178084587,239.11944370382122,,0,9760080
1740455100,228.44,230.765,219.55,221.315,235.97884178084587,239.11944370382122,,0,9434320
1740627900,221.315,223.4,214,219.58,235.97884178084587,239.11944370382122,,0,11391190
1740714300,217.995,222.295,209.17,216.915,229.06707342467672,234.894554963057,,0,14943150
1740973500,216.9,219.945,195.225,197.805,229.06707342467672,234.894554963057,,0,39932690
1741059900,194.9,206.84,194.4,201.42,229.06707342467672,234.894554963057,,0,21906860
1741146300,201.4,212.82,199.55,210.41,225.21365873974136,228.1956439704456,,0,16646240
1741232700,210.415,213.2,207.1,211.875,225.21365873974136,228.1956439704456,,0,12562190
1741319100,211.7,215.9,209,209.8,225.21365873974136,228.1956439704456,,0,8883360
1741578300,209.5,212.645,203,204.41,219.41692699179308,224.45651517635648,,0,8288840
1741664700,201.4,202.9,198.6,199.86,219.41692699179308,224.45651517635648,,0,9215160
1741751100,201.1,204.7,195.6,196.23,219.41692699179308,224.45651517635648,,0,10283440
1741837500,198.595,200.6,194.1,195.35,217.37254159343448,219.28421214108516,,0,10263450
1742183100,197.9,199.9,195.7,197.985,217.37254159343448,219.28421214108516,,0,8297030
1742269500,199.6,209.9,199.19,209.195,217.37254159343448,219.28421214108516,,0,11399400
1742355900,210.84,223.1,209.555,221.535,220.63403327474757,217.59536971286812,,0,16157390
1742442300,221.995,228,217.835,226.28,220.63403327474757,217.59536971286812,224.57999999999998,1,19063150
1742528700,226,234.44,223.5,233.68,220.63403327474757,217.59536971286812,,0,15853950
1742787900,235,242.4,234.12,237.495,223.00022661979807,221.07629577029448,,0,15727400
1742874300,238.62,239.93,229,230.145,223.00022661979807,221.07629577029448,,0,9987810
1742960700,230.145,233.72,226.75,232.465,223.00022661979807,221.07629577029448,,0,11345800
1743047100,231.5,234.88,229.54,231.825,224.75918129583846,223.16103661623555,,0,8911010
1743133500,233.5,239.8,230,231.32,224.75918129583846,223.16103661623555,,0,11201900
1743479100,229.8,237,227.3,231.795,224.75918129583846,223.16103661623555,,0,8487340
1743565500,232.395,236.445,229.6,235.44,225.51534503667077,225.00782929298845,,0,6196790
1743651900,235.4,247.5,234.015,246.165,225.51534503667077,225.00782929298845,,0,15275880
1743738300,242.8,243.5,227.1,228.54,225.51534503667077,225.00782929298845,,0,19689680
1743997500,205.7,217.01,205.7,213.045,224.9802760293366,221.14626343439076,,0,14613800
1744083900,220.14,227,216.72,222.57,224.9802760293366,221.14626343439076,,0,16043550
1744170300,220,223.8,215.65,222.84,224.9802760293366,221.14626343439076,,0,7981640
1744343100,229.875,230.9,225.125,226.5,227.03622082346928,222.89201074751264,,0,6066860
1744688700,230.79,232.76,229.02,231.84,227.03622082346928,222.89201074751264,,0,7910250
1744775100,231,237.2,229.02,235.26,227.03622082346928,222.89201074751264,,0,12664200
1744861500,220.1,238.58,220.1,235.62,232.04297665877544,222.3336085980101,,0,55582540
1745207100,235.62,252.4,235.62,246.33,232.04297665877544,222.3336085980101,,0,29041130
1745293500,247,255.25,245.42,252.07,232.04297665877544,222.3336085980101,,0,19254730
1745379900,253.33,254.51,241.5,250.78,232.20238132702033,228.53288687840808,,0,26783380
1745466300,250.73,254.1,248.3,249.86,232.20238132702033,228.53288687840808,,0,10240750
1745552700,249.86,251.27,230.51,232.84,232.20238132702033,228.53288687840808,,0,20444340
1745811900,232.84,237.6,232.11,235.42,232.00790506161624,229.39430950272646,,0,8852820
1745898300,237,240.5,234.13,235.17,232.00790506161624,229.39430950272646,,0,7037050
1745984700,235,235.17,230,231.23,232.00790506161624,229.39430950272646,,0,6584880
1746157500,231.23,234.86,229.51,231.88,231.59232404929298,229.76144760218116,,0,4972130
1746416700,232.5,239.9,230.18,239.18,231.59232404929298,229.76144760218116,,0,7763840
1746503100,239,239.59,228.51,229.93,231.59232404929298,229.76144760218116,,0,8023480
1746589500,226.59,240.5,225.9,237.57,231.80385923943442,229.12715808174494,,0,11332480
1746675900,237.15,242.42,231.21,233.02,231.80385923943442,229.12715808174494,,0,8812970
1746762300,226.96,234.68,225.29,232.65,231.80385923943442,229.12715808174494,,0,7780040
1747021500,239,249,238.61,248.7,236.41708739154757,231.10172646539596,,0,11111280
1747107900,248,250.44,245.22,248.76,236.41708739154757,231.10172646539596,,0,6737860
1747194300,249.5,257.96,248.76,254.87,236.41708739154757,231.10172646539596,,0,11714220
1747280700,256.14,260.5,255.37,256.86,245.17966991323806,236.10938117231677,,0,7499410
1747367100,257.8,282.5,257.1,280.06,245.17966991323806,236.10938117231677,,0,36593470
1747626300,280,283.89,276.1,280.23,245.17966991323806,236.10938117231677,,0,12654770
1747712700,281,286.7,274.55,277.7,254.41573593059047,245.08750493785342,,0,17791010
1747799100,277.7,289.37,275.43,286.62,254.41573593059047,245.08750493785342,,0,14209660
1747885500,286.6,294.8,278.16,291.36,254.41573593059047,245.08750493785342,,0,25025260
1747971900,290.9,310,289.81,307.95,263.79058874447236,254.25000395028275,,0,32303710
1748231100,307.81,311.9,297.75,298.9,263.79058874447236,254.25000395028275,,0,14520150
1748317500,299.32,306.3,298.5,301.29,263.79058874447236,254.25000395028275,,0,12363140
1748403900,301.61,308,300.42,301.82,271.7444709955779,263.72200316022617,,0,10557550
1748490300,303.33,304.8,298.32,300.22,271.7444709955779,263.72200316022617,,0,5838930
1748576700,300.1,309.3,299.81,303.56,271.7444709955779,263.72200316022617,,0,10458100
1748835900,303.87,317.19,301.6,314.94,279.96757679646237,271.75160252818097,,0,17030990
1748922300,316.85,318.5,306.04,310.58,279.96757679646237,271.75160252818097,,0,13199770
1749008700,310,314.29,308.25,312.86,279.96757679646237,271.75160252818097,,0,6695600
1749095100,315.5,328.5,312.11,327.17,288.0200614371699,280.5012820225448,,0,21439880
1749181500,325.2,327.5,320,321.7,288.0200614371699,280.5012820225448,,0,7922820
1749440700,321.74,328.4,319.3,320.23,288.0200614371699,280.5012820225448,,0,6962230
1749527100,321.8,322.09,312.3,314.54,290.76804914973593,288.76102561803583,,0,7282540
1749613500,315.89,317.44,306.3,311.45,290.76804914973593,288.76102561803583,,0,6416310
1749699900,310,311.93,300.41,301.76,290.76804914973593,288.76102561803583,,0,7474220
1749786300,294.56,298.45,290.1,292.49,290.0864393197888,289.92082049442865,,0,9011040
1750045500,291.99,295.2,285,293.05,290.0864393197888,289.92082049442865,,0,7818580
1750131900,293.2,294.28,286.05,287.36,290.0864393197888,289.92082049442865,,0,6711740
1750218300,287.36,291.91,285.36,286.69,288.623151455831,289.40865639554295,,0,5527000
1750304700,286.9,290.95,277.53,278.16,288.623151455831,289.40865639554295,,0,6757240
1750391100,278.16,284.29,275.8,282.77,288.623151455831,289.40865639554295,,0,14455360
1750650300,280,294.39,278.18,293.5,288.1245211646648,287.52692511643437,,0,11826290
1750736700,298.6,300.82,293.8,295.73,288.1245211646648,287.52692511643437,292.62800000000004,0,10888350
1750823100,296.74,301.5,284.15,286.13,288.1245211646648,287.52692511643437,,0,14469070
1750909500,288,291.5,283.17,290.3,288.95561693173187,287.6215400931475,,0,11134130
1750995900,291.75,298.3,288.81,291.12,288.95561693173187,287.6215400931475,,0,11810890
1751255100,292.7,298.3,291.63,292.28,288.95561693173187,287.6215400931475,,0,8996330
1751341500,292.52,296.99,289.31,296.43,290.1764935453855,288.60123207451795,,0,7376690
1751427900,297.59,297.69,289.7,291.34,290.1764935453855,288.60123207451795,,0,6769260
1751514300,292.6,295.69,292.14,295.06,290.1764935453855,288.60123207451795,,0,4596660
1751600700,288.5,288.5,273.44,277.6,285.99319483630836,288.5809856596144,,0,28545830
1751859900,276.8,281.8,270.18,279.44,285.99319483630836,288.5809856596144,,0,13951290
1751946300,278.81,279.37,260.77,269.26,285.99319483630836,288.5809856596144,,0,34159210
1752032700,269.5,274.8,269.5,273.54,282.37255586904666,284.7647885276915,,0,11508710
1752119100,273.54,278.1,271.5,272.74,282.37255586904666,284.7647885276915,,0,5890610
1752205500,271.6,275.7,266.5,267.89,282.37255586904666,284.7647885276915,,0,7521720
1752464700,272.5,275.9,264.68,267.88,280.23404469523734,282.3118308221532,,0,11946130
1752551100,266.91,269.9,263.03,267.48,280.23404469523734,282.3118308221532,,0,8921310
1752637500,267.5,273.18,266.08,271.68,280.23404469523734,282.3118308221532,,0,12500570
1752723900,274.5,279.54,270.92,274.01,278.3132357561899,280.74946465772257,,0,30273940
1752810300,273.9,273.9,267,267.8,278.3132357561899,280.74946465772257,,0,7382980
1753069500,268.04,273.6,267.71,270.63,278.3132357561899,280.74946465772257,,0,5515390
1753155900,274,285.2,273,280.54,278.58858860495195,279.39957172617807,,0,34334430
1753242300,281.6,287.2,279.17,282.58,278.58858860495195,279.39957172617807,,0,14979600
1753328700,285,285,278.6,279.69,278.58858860495195,279.39957172617807,,0,7148750
1753415100,278.8,278.8,271.2,272.01,275.51287088396157,279.27965738094247,,0,5330160
1753674300,271,274.5,260.1,260.8,275.51287088396157,279.27965738094247,,0,8037860
1753760700,260.8,264.9,258,263.21,275.51287088396157,279.27965738094247,,0,6981160
1753847100,264.79,265.23,260.1,264.12,271.8062967071693,276.381725904754,,0,4846780
1753933500,261.8,263.79,258.9,260.09,271.8062967071693,276.381725904754,,0,4554110
1754019900,259.9,261.48,256.2,256.98,271.8062967071693,276.381725904754,,0,4290350
1754279100,257.8,263.49,255.87,262.76,269.6630373657354,272.6653807238032,,0,4227220
1754365500,264,266.86,255.2,260.13,269.6630373657354,272.6653807238032,,0,10206650
1754451900,260.79,263.9,254.24,261.09,269.6630373657354,272.6653807238032,,0,11805980
1754538300,257.6,265.3,257.6,264.2,266.69242989258834,269.65230457904255,,0,5433830
1754624700,264.48,265.27,254.08,255.26,266.69242989258834,269.65230457904255,,0,5372550
1754883900,255,256.47,252.84,254.81,266.69242989258834,269.65230457904255,,0,4993890
1754970300,255.06,256.22,250.2,250.68,266.19794391407066,266.73384366323404,,0,4798580
1755056700,251.9,263.79,251.9,263.18,266.19794391407066,266.73384366323404,,0,9123320
1755143100,263.18,267.34,261.51,264.22,266.19794391407066,266.73384366323404,,0,7318230
1755488700,266.99,273.68,264.3,266.69,267.3743551312565,266.78507493058726,,0,6957450
1755575100,267.5,269.09,263.7,267.78,267.3743551312565,266.78507493058726,262.15,0,4544270
1755661500,268.16,272.75,264.71,272.08,267.3743551312565,266.78507493058726,262.15,0,6582500
1755747900,272.08,273.5,252.96,253.78,262.8374841050052,267.8440599444698,,0,25675240
1755834300,254.5,256.8,250.82,251.86,262.8374841050052,267.8440599444698,,0,12001740
1756093500,252.6,253.9,243.52,244.69,262.8374841050052,267.8440599444698,,0,15629660
1756179900,244.7,245.12,233.26,233.91,254.46598728400417,263.2152479555758,,0,16730850
1756352700,234,234.96,225.1,225.94,254.46598728400417,263.2152479555758,,0,15042430
1756439100,227.99,229.75,219.84,220.98,254.46598728400417,263.2152479555758,,0,15774700
1756698300,222.6,227.6,219.5,226.66,249.01678982720333,255.09219836446064,,0,11155010
1756784700,228.7,232.41,224.3,227.64,249.01678982720333,255.09219836446064,,0,9836240
1756871100,228.9,228.9,225.1,227.22,249.01678982720333,255.09219836446064,,0,8241810
1756957500,229.9,234,224.96,225.71,246.03343186176266,250.0537586915685,,0,6868760
1757043900,226.99,230.45,225.28,229.68,246.03343186176266,250.0537586915685,,0,8373150
1757303100,232.07,234.9,230.51,234.1,246.03343186176266,250.0537586915685,,0,7866200
1757389500,235,235.6,232.31,233.6,241.1467454894101,247.04300695325483,,0,3385790
1757475900,235,237.5,227.32,233.66,241.1467454894101,247.04300695325483,,0,8141130
1757562300,233.8,233.9,220.82,221.6,241.1467454894101,247.04300695325483,,0,21853430
1757648700,223,225.1,221,222.23,237.5253963915281,242.23440556260385,,0,9994660
1757907900,223.5,227.4,221.26,225.2,237.5253963915281,242.23440556260385,,0,14322900
1757994300,225.6,225.6,221.5,223.04,237.5253963915281,242.23440556260385,,0,6282210
1758080700,224,226.6,222.99,224.85,235.35231711322248,238.5875244500831,,0,5995920
1758167100,225.83,228.2,225.08,226.56,235.35231711322248,238.5875244500831,,0,5083140
1758253500,225.26,227.8,223.5,226.66,235.35231711322248,238.5875244500831,,0,4941440
1758512700,226,226.5,223.01,224.8,232.32985369057798,236.07001956006647,,0,3719980
1758599100,224,225.6,218.21,222.79,232.32985369057798,236.07001956006647,,0,8067500
1758685500,222.8,226.72,218.28,220.24,232.32985369057798,236.07001956006647,,0,6165480
1758771900,219.5,223,218.8,219.49,228.3618829524624,232.7560156480532,,0,5480730
1758858300,219,220.1,212,213.64,228.3618829524624,232.7560156480532,,0,6479030
1759117500,213.8,215.25,210.21,212.49,228.3618829524624,232.7560156480532,,0,13415200
1759203900,213.9,213.9,210.1,213.25,226.7155063619699,228.98481251844254,,0,6620230
1759290300,214,218.29,211.76,217.35,226.7155063619699,228.98481251844254,,0,5186480
1759463100,218.5,221.87,217.18,220.13,226.7155063619699,228.98481251844254,,0,4292910
1759722300,221.1,227.16,217.27,226.52,225.72240508957594,227.40785001475402,,0,10599170
1759808700,227.7,230.9,223.04,225.05,225.72240508957594,227.40785001475402,,0,11372470
1759895100,224.2,225.9,221.02,221.75,225.72240508957594,227.40785001475402,,0,5558810
1759981500,222.5,227.9,221.3,226.46,227.39192407166075,226.4262800118032,,0,7235620
1760067900,226.45,231.94,225.3,230.33,227.39192407166075,226.4262800118032,228.46089999999998,1,10267360
1760327100,228.93,236.6,225.54,234.07,227.39192407166075,226.4262800118032,,0,12092140
1760413500,236.39,243.5,234.74,240.46,231.5655392573286,228.41902400944255,,0,31161780
1760499900,240.69,246.07,238.1,244.52,231.5655392573286,228.41902400944255,,0,13434030
1760586300,244,253.03,243.31,248.26,231.5655392573286,228.41902400944255,,0,32428120
1760672700,246.81,255.9,246.07,249.65,235.20843140586288,232.09721920755405,,0,15856850
1760931900,250.88,252.5,249.25,249.96,235.20843140586288,232.09721920755405,,0,5830780
1761034500,250.9,251.38,248.6,249.78,235.20843140586288,232.09721920755405,,0,1097690
1761191100,250.59,253.34,248.05,251.1,239.70674512469031,235.79577536604324,,0,5251440
1761277500,250.8,251.9,248.65,251.45,239.70674512469031,235.79577536604324,,0,3974820
1761536700,251.4,258.51,250.81,257.7,239.70674512469031,235.79577536604324,,0,7368540
1761623100,258,258.8,251.31,253.79,242.02739609975225,240.2366202928346,,0,5352210
1761709500,249.1,252.18,245.04,251.17,242.02739609975225,240.2366202928346,,0,7169500
1761795900,251.3,253.29,249.51,251.31,242.02739609975225,240.2366202928346,,0,3247530
1761882300,251.31,253.6,240.9,249.24,243.9899168798018,242.4512962342677,,0,10113630
1762141500,249.24,256.98,248.62,256.38,243.9899168798018,242.4512962342677,,0,6236260
1762227900,256,258.42,250.99,251.84,243.9899168798018,242.4512962342677,,0,6219970
1762400700,253,255.98,248,248.65,247.31993350384147,244.56103698741418,,0,7215870
1762487100,248,262.5,244.6,261.64,247.31993350384147,244.56103698741418,,0,18655910
1762746300,262.2,267.33,260,260.64,247.31993350384147,244.56103698741418,,0,12300660
1762832700,260.64,265.69,260.2,264.14,252.1259468030732,247.77682958993137,,0,7503720
1762919100,266.3,271,263.78,267.95,252.1259468030732,247.77682958993137,,0,17832720
1763005500,268,276.83,266.64,271.35,252.1259468030732,247.77682958993137,,0,11671920
1763091900,271.35,275.7,271.07,274.53,257.56875744245855,252.49146367194507,,0,5360410
1763351100,275.9,286.49,275.51,284.74,257.56875744245855,252.49146367194507,,0,15131660
1763437500,283.9,286.7,278.5,279.34,257.56875744245855,252.49146367194507,,0,7440320
1763523900,279.4,285,277.9,281.39,261.0170059539668,257.87317093755604,,0,7140900
1763610300,281.39,285,279.33,281.43,261.0170059539668,257.87317093755604,,0,7008610
1763696700,281.2,281.9,274.1,274.81,261.0170059539668,257.87317093755604,,0,5542180
1763955900,275.3,276.54,267.39,267.85,263.80360476317344,261.35853675004483,,0,4877750
1764042300,266.5,270.69,266.1,268.77,263.80360476317344,261.35853675004483,,0,4278650
1764128700,269.4,276,268.25,274.95,263.80360476317344,261.35853675004483,,0,4565080
1764215100,275.99,277,273.28,276.42,266.3108838105387,264.28482940003585,,0,4442800
1764301500,276.39,276.39,267.6,270.38,266.3108838105387,264.28482940003585,,0,7336030
1764560700,270.9,277.6,270.78,276.34,266.3108838105387,264.28482940003585,,0,6586060
1764647100,275.27,282.5,274.69,281.42,265.54870704843097,266.4818635200287,,0,11678750
1764733500,277.5,277.5,264.41,267.02,265.54870704843097,266.4818635200287,,0,26000460
1764819900,266.03,268.5,261.8,262.5,265.54870704843097,266.4818635200287,,0,10428600
1764906300,262.21,265.3,260.01,264.17,263.10896563874473,265.62749081602294,,0,5118460
1765165500,262.6,265.5,252.15,254.26,263.10896563874473,265.62749081602294,,0,6629650
1765251900,253.3,254.04,245.92,253.35,263.10896563874473,265.62749081602294,,0,5069230
1765338300,253.49,255,246,247.83,262.3931725109958,263.19999265281837,,0,5074700
1765424700,249,258.39,246.45,257.74,262.3931725109958,263.19999265281837,,0,6387200
1765511100,258.8,260.46,256,259.53,262.3931725109958,263.19999265281837,,0,4251750
1765770300,258,260.8,256,258.25,260.0065380087966,262.1599941222547,,0,3113300
1765856700,257.79,258.11,252.21,253.24,260.0065380087966,262.1599941222547,,0,3664580
1765943100,254.3,255,249.1,250.46,260.0065380087966,262.1599941222547,,0,3117110
1766029500,251,255.49,246.85,247.91,259.6372304070373,259.92799529780376,,0,6945930
1766115900,249,252.49,244.91,251.81,259.6372304070373,259.92799529780376,,0,5882390
1766375100,251.83,259.24,251.48,258.16,259.6372304070373,259.92799529780376,,0,5204940
1766461500,258.19,258.53,253.97,255.71,257.6257843256298,259.580396238243,,0,2980770
1766547900,255,257.6,252.01,252.38,257.6257843256298,259.580396238243,,0,4103740
1766720700,252.18,254.71,248.47,249.58,257.6257843256298,259.580396238243,,0,4546020
1766979900,249.42,249.87,240.3,241.02,252.98062746050385,257.5483169905944,,0,7748280
1767066300,240.67,241.59,232.5,234.71,252.98062746050385,257.5483169905944,,0,26506320
1767152700,237.48,239.5,233.1,234.4,252.98062746050385,257.5483169905944,,0,9235500
1767239100,235.2,237.5,232.07,236.28,250.4245019684031,253.07865359247552,,0,4741630
1767325500,237.5,240.27,235.7,238.79,250.4245019684031,253.07865359247552,,0,10528170
1767584700,238.01,242.7,236.64,240.2,250.4245019684031,253.07865359247552,,0,8713630
1767671100,240.7,245.47,239.03,241.13,248.59160157472246,250.60292287398042,,0,4629730
1767757500,240,248.19,239.13,247.06,248.59160157472246,250.60292287398042,,0,5538330
1767843900,251,251.74,239.81,241.26,248.59160157472246,250.60292287398042,,0,15384520
1767930300,242.43,242.92,231.3,233.35,247.65928125977797,248.96833829918432,,0,8076880
1768189500,233.5,237.5,229.76,236.85,247.65928125977797,248.96833829918432,,0,10082490
1768275900,237.8,245.5,237.5,243.93,247.65928125977797,248.96833829918432,,0,13289860
1768362300,244.51,253.2,243.5,252.54,252.02942500782237,248.07667063934747,,0,13136700
1768535100,258.8,276.67,258,275.22,252.02942500782237,248.07667063934747,272.51995,1,55827430
1768794300,276.5,277.86,268.04,269.51,252.02942500782237,248.07667063934747,,0,11729640
1768880700,269.4,269.41,262.4,263.58,252.95554000625788,252.34133651147795,,0,9102660
1768967100,260.9,262.96,251.8,253.19,252.95554000625788,252.34133651147795,,0,11161270
1769053500,255.72,260.69,254.1,256.66,252.95554000625788,252.34133651147795,,0,5881280
1769139900,256.66,260.49,250.12,251.51,254.6664320050063,253.20506920918237,,0,5221560
1769485500,251.52,256,249.2,254.31,254.6664320050063,253.20506920918237,,0,4427180
1769571900,255.98,262.18,255.66,261.51,254.6664320050063,253.20506920918237,,0,5725260
1769658300,261.51,263.8,256.39,258.84,249.99314560400504,254.86605536734587,,0,2995410
1769744700,257.5,259.84,251.1,254.09,249.99314560400504,254.86605536734587,,0,4866930
1769917500,251.8,252.21,219.95,231.3,249.99314560400504,254.86605536734587,,0,42037880
1770003900,231.3,241.75,225.61,240.13,253.72851648320403,250.1528442938767,,0,18168120
1770090300,250,266.39,250,258.78,253.72851648320403,250.1528442938767,262.39414999999997,1,28163760
1770176700,259,269.5,256.67,268.67,253.72851648320403,250.1528442938767,,0,13908870
1770263100,266.5,268.23,262.61,264.5,257.2928131865632,253.42227543510134,,0,6045840
1770349500,261.81,264.85,256.52,264.2,257.2928131865632,253.42227543510134,,0,4696710
1770608700,265.2,272.46,264.99,271.55,257.2928131865632,253.42227543510134,,0,7042250
1770695100,272.4,280.87,271.62,278.3,260.8742505492506,257.2178203480811,,0,8707300
1770781500,278,280,276.41,278.11,260.8742505492506,257.2178203480811,,0,4851220
1770867900,276.8,276.8,270.53,275.2,260.8742505492506,257.2178203480811,,0,4584230
1770954300,270.9,273.34,266.98,269.83,260.10340043940045,259.95425627846487,,0,6035930
1771213500,252.99,260,244.1,257.28,260.10340043940045,259.95425627846487,,0,19960020
1771299900,256.51,260.99,254.14,257.02,260.10340043940045,259.95425627846487,,0,8822550
1771386300,258.3,265.48,257.59,259.18,258.0087203515203,259.62340502277186,,0,9071110
1771472700,260.9,262.5,250.22,250.96,258.0087203515203,259.62340502277186,,0,8535370
1771559100,250.9,254.39,248.25,249.63,258.0087203515203,259.62340502277186,,0,6749490
1771818300,252.4,253,246.8,249.13,256.20497628121626,258.1787240182175,,0,5263350
1771904700,249.11,249.53,245.4,246.02,256.20497628121626,258.1787240182175,,0,5684490
1771991100,247.4,250.4,241.5,248.99,256.20497628121626,258.1787240182175,,0,9476560
1772077500,251,254.9,241.4,246.5,250.227981024973,256.742979214574,,0,7992020
1772163900,242.1,244.2,229.9,233.2,250.227981024973,256.742979214574,,0,8282159
1772423100,220.1,231.62,220,226.32,250.227981024973,256.742979214574,,0,7012943
1772595900,222.2,223.25,217.52,221.75,244.09438481997842,249.83438337165921,,0,5600383
1772682300,223.8,225.88,220.74,224.68,244.09438481997842,249.83438337165921,,0,4622589
1772768700,226.5,230.51,218.2,219.56,244.09438481997842,249.83438337165921,,0,9633447
1773027900,215,219.99,209,218.96,238.98150785598273,242.86750669732737,,0,8704812
1773114300,222.99,226.5,220.25,225.31,238.98150785598273,242.86750669732737,,0,4421152
1773200700,226.05,227.7,217.8,218.53,238.98150785598273,242.86750669732737,,0,4391522
1773287100,216,217.5,212.36,213.07,234.5112062847862,237.4940053578619,,0,10674079
1773373500,212.82,218.38,208.63,215.58,234.5112062847862,237.4940053578619,,0,10402529
1773632700,215.58,217.9,210.62,216.63,234.5112062847862,237.4940053578619,,0,9982288
1773719100,218,221.2,214.5,216.98,234.09296502782894,233.59520428628952,,0,10682186
1773805500,217.9,237.9,217.16,236.21,234.09296502782894,233.59520428628952,234.3315,1,25414506
1773891900,230,234.91,228.01,232.42,234.09296502782894,233.59520428628952,,0,9785627
1773978300,235.9,237.8,230,231.32,233.36237202226317,234.05616342903164,,0,6007983
1774237500,227,228.6,218.8,220.91,233.36237202226317,234.05616342903164,,0,6295384
1774323900,226.99,231.49,223.15,230.44,233.36237202226317,234.05616342903164,,0,6207473
1774410300,233.5,243.8,233.1,241.67,232.19589761781054,233.9449307432253,,0,8880739
1774583100,238,243,233.72,235.27,232.19589761781054,233.9449307432253,,0,7528583
1774842300,229.8,234.39,226,227.53,232.19589761781054,233.9449307432253,,0,6704081
1775015100,238.96,244.45,238.01,240.6,234.96671809424842,234.94794459458026,,0,9009539
1775101500,233,241.92,228.45,240.85,234.96671809424842,234.94794459458026,238.29119999999998,1,7690927
1775447100,241,246.91,236.7,246.05,234.96671809424842,234.94794459458026,,0,5924466
1775533500,245,248,242.33,246.1,244.33337447539876,236.9583556756642,,0,3628752
1775619900,255,269,253.01,267.62,244.33337447539876,236.9583556756642,,0,16338003
1775706300,270,284.2,265.8,281.8,244.33337447539876,236.9583556756642,,0,29671494
1775792700,281.49,287.9,279.54,280.99,255.01869958031904,245.86468454053139,,0,14403261
1776051900,273,282.8,273,280.46,255.01869958031904,245.86468454053139,,0,6934623
1776224700,287.8,298.9,286.12,297.76,255.01869958031904,245.86468454053139,,0,21051102
1776311100,299.35,301.5,288.72,292.61,267.8469596642552,256.5617476324251,,0,14443355
1776397500,302,324.4,297.51,322.47,267.8469596642552,256.5617476324251,,0,80869288
1776656700,322.6,327.95,314.2,319.16,267.8469596642552,256.5617476324251,,0,23135454
1776743100,319.35,326.65,318.73,324.05,278.5195677314042,269.11939810594015,,0,13064927
1776829500,324.05,330.23,323.21,328.59,278.5195677314042,269.11939810594015,,0,11503789
1776915900,328,328,320.31,321.21,278.5195677314042,269.11939810594015,,0,6611292
1777002300,322.81,323,309.51,314.52,286.66965418512336,279.8575184847521,,0,9294838
1777261500,316.85,322.98,316.52,318.64,286.66965418512336,279.8575184847521,,0,5143144
1777347900,318.15,320.43,316,319.27,286.66965418512336,279.8575184847521,,0,4252695
1777434300,319.27,323.4,311.79,313.1,290.8757233480987,287.74001478780167,,0,4413662
1777520700,311.36,311.55,306.12,308.71,290.8757233480987,287.74001478780167,,0,3939153
1777866300,308.7,313.5,303.95,307.7,290.8757233480987,287.74001478780167,,0,5085193
1777952700,307.9,317.5,303.7,314.4,297.220578678479,291.77201183024135,,0,6117395
1778039100,316.75,318.6,310.6,316.85,297.220578678479,291.77201183024135,,0,5077995
1778125500,318.4,324.7,315.55,322.6,297.220578678479,291.77201183024135,,0,6220705
1778211900,322,334.95,319,326,297.5964629427832,297.8176094641931,,0,12373135
1778471100,323.75,326.95,316.15,317.2,297.5964629427832,297.8176094641931,,0,4569661
1778557500,315.65,315.95,296.95,299.1,297.5964629427832,297.8176094641931,,0,8637203
1778643900,300.1,303.4,297.05,298.15,299.44717035422656,298.27408757135447,,0,4043706
1778730300,300.3,306.3,290.8,303.7,299.44717035422656,298.27408757135447,294.294,0,8288598
1778816700,305.3,311.55,303.15,306.85,299.44717035422656,298.27408757135447,306.87675,1,6072039
1779075900,302.8,305,298.4,303.95,304.55773628338125,299.17927005708356,,0,4296924
1779162300,303.95,330,303.9,328,304.55773628338125,299.17927005708356,,0,20805019
1779248700,326.4,328.55,321.25,325,304.55773628338125,299.17927005708356,,0,6591462
1779335100,327.8,343.3,327,339.65,312.936189026705,304.90341604566686,,0,25211127
1779421500,341.95,345.65,335.65,339.35,312.936189026705,304.90341604566686,,0,10307977
1779680700,342,348.7,342,346.45,312.936189026705,304.90341604566686,,0,8423076
1779767100,347,351,343,344.45,317.808951221364,313.3227328365335,,0,6678864
1779853500,345,350.25,335.05,336.95,317.808951221364,313.3227328365335,,0,6777475
1780026300,338.45,344,335.3,337.3,317.808951221364,313.3227328365335,,0,5635640
1780285500,341,345.55,334.05,335.6,321.1971609770912,318.8581862692268,,0,6444968
1780371900,334.6,344.75,331.9,342.65,321.1971609770912,318.8581862692268,,0,6132413
1780458300,343,343.35,327.6,334.75,321.1971609770912,318.8581862692268,,0,6426900
1780544700,334,343.55,334,337.7,322.09772878167297,321.88654901538143,,0,6699518
1780631100,337.7,342.4,319.5,332.6,322.09772878167297,321.88654901538143,,0,13273649
1780890300,325.9,334.9,323,325.7,322.09772878167297,321.88654901538143,,0,3744837
1780976700,327.9,339.2,326.75,337.55,322.4281830253384,323.0892392123052,,0,3829623
1781063100,339.9,340,328.4,329.85,322.4281830253384,323.0892392123052,,0,4260935
1781149500,328,334.85,321.65,323.75,322.4281830253384,323.0892392123052,,0,3670471
1781235900,329,340.3,325.05,339.5,327.5925464202707,324.27139136984414,,0,7318502
1781495100,344,356.15,342.85,352.3,327.5925464202707,324.27139136984414,350.80775,1,14953832
1781581500,353,353.45,342.9,348.25,327.5925464202707,324.27139136984414,,0,6190114
1781667900,349.95,351.5,343.75,348.7,332.8140371362166,329.40711309587533,,0,5718044
1781754300,350,356.8,347.55,352.8,332.8140371362166,329.40711309587533,,0,9021106
1781840700,355,360.45,349.65,353.7,332.8140371362166,329.40711309587533,,0,9378921
1782099900,354.9,356.2,350.5,354.8,334.3812297089733,334.50569047670024,,0,3096581
1782186300,354.8,355.5,339.05,342.1,334.3812297089733,334.50569047670024,,0,8493464
1782272700,342,344,335.75,340.65,334.3812297089733,334.50569047670024,,0,4035048
1782359100,341.5,344.75,334.7,335.25,333.6349837671786,335.9045523813602,,0,3444464
1782704700,332.5,337.45,327.1,328.75,333.6349837671786,335.9045523813602,,0,4882849
1782791100,329.75,333.5,328.15,330.65,333.6349837671786,335.9045523813602,,0,4561949
1782877500,330,342,327.55,340.4,337.3579870137429,334.72364190508813,,0,7010898
1782963900,340.4,347.85,336.2,346.15,337.3579870137429,334.72364190508813,342.63225,1,7636906
1783050300,342.9,356.75,342.5,352.25,337.3579870137429,334.72364190508813,,0,8341417
1783309500,352,352,342.1,345.95,336.12638961099435,338.1789135240705,,0,5928183
1783395900,345.95,347.6,334,335.8,336.12638961099435,338.1789135240705,,0,7502930
1783482300,335,341.8,327.55,331.2,336.12638961099435,338.1789135240705,,0,8692324
1783568700,331.35,342.95,331.35,341.1,336.9511116887955,336.81313081925634,,0,7522853
1783655100,345.15,349.5,342.55,346.05,336.9511116887955,336.81313081925634,338.247,0,4099400
1783914300,342.6,345,335.55,340.25,336.9511116887955,336.81313081925634,,0,4644480
1784000700,340,340.25,332.2,333.55,336.5208893510364,337.4505046554051,,0,4844441
1784087100,335.25,346.3,334.25,343.4,336.5208893510364,337.4505046554051,,0,9546333
1784173500,347.05,355.3,332.75,334.8,336.5208893510364,337.4505046554051,,0,24218915
1784259900,337.05,337.4,323.05,328.95,333.5967114808291,337.3704037243241,,0,7923695
1784519100,328.05,329.8,323.55,324.35,333.5967114808291,337.3704037243241,,0,6434814
1784605500,324.35,326.4,320.8,321.9,333.5967114808291,337.3704037243241,,0,5277015
1784691900,322.15,323,311,312.4,328.46736918466326,334.3263229794593,,0,7825074
1784778300,311.75,314.9,303.7,306.05,328.46736918466326,334.3263229794593,,0,4795204
1784864700,304.5,310.8,301.2,307.95,328.46736918466326,334.3263229794593,,0,3428982
1785123900,309.9,312.5,302.95,304.2,323.2738953477306,329.44105838356745,,0,7603595
1785210300,305.5,306.45,299,302.6,323.2738953477306,329.44105838356745,,0,3436258
1785296700,303,305.5,299,302.5,323.2738953477306,329.44105838356745,,0,3944323
1785383100,302,302,290.05,291.65,319.01911627818447,323.95284670685396,,0,15181316
1785469500,293,299.95,292.5,297.95,319.01911627818447,323.95284670685396,,0,4626956
1785728700,299.9,302.5,296.3,302,319.01911627818447,323.95284670685396,,0,4487008
1785815100,301,305.05,299,300.35,314.63529302254756,319.3622773654832,,0,5039236
1785901500,302,303,296.6,299.2,314.63529302254756,319.3622773654832,,0,3667873
1785987900,299.2,300.9,296.45,297.1,314.63529302254756,319.3622773654832,,0,2142791
1786074300,297.05,298.75,289.05,292,309.9882344180381,314.8998218923865,,0,4094497
1786333500,292,295.65,287.6,294.8,309.9882344180381,314.8998218923865,,0,4076186
1786419900,294.8,296.9,289.8,291.4,309.9882344180381,314.8998218923865,,0,6599125
1786506300,290.75,291,285.25,291,305.45058753443044,310.0698575139092,,0,4505655
1786592700,290.7,292.45,288.5,292,305.45058753443044,310.0698575139092,,0,1987688
1786679100,292,294.3,286.25,287.3,305.45058753443044,310.0698575139092,,0,3898187
1786938300,287,295.65,282.15,293.5,302.26047002754433,305.45588601112735,,0,4087024
1787024700,293.4,293.4,281.6,291.75,302.26047002754433,305.45588601112735,,0,7260733
1787111100,291.75,294.4,288.85,289.5,302.26047002754433,305.45588601112735,,0,2506672
1787197500,290.6,296.3,289.05,289.5,299.00837602203546,302.4847088089019,,0,3677395
1787283900,289.5,292.35,287.15,287.8,299.00837602203546,302.4847088089019,,0,3614925
1787543100,288,294.5,284.4,286,299.00837602203546,302.4847088089019,,0,5285948
1787629500,286.8,301.55,284,300.9,298.38670081762837,299.3477670471215,,0,10825633
1787715900,302,305.45,297.7,298.85,298.38670081762837,299.3477670471215,,0,9062432
1787802300,298.85,300.2,294.9,295.9,298.38670081762837,299.3477670471215,,0,3766886
1787888700,295.9,297.7,291.65,294,295.0193606541027,298.6582136376972,,0,2866743
1788147900,292.65,293.75,278.25,286.9,295.0193606541027,298.6582136376972,,0,15319412
1788234300,286.9,288.25,280.5,281.55,295.0193606541027,298.6582136376972,,0,2909391
1788320700,280.25,280.85,275.25,279.25,295.97548852328214,294.97657091015776,,0,4437022
1788407100,280.35,288,280.35,286,295.97548852328214,294.97657091015776,283.68,1,4732927
1788493500,295.1,308.35,294.75,299.8,295.97548852328214,294.97657091015776,303.72475000000003,0,29274355
1788752700,300.9,307,298.05,304.7,,,,,7009511