time,open,high,low,close,Close Series,Open Series,Long TSL,Long TSL Activation,ShreyaDesk 1D BUY crossover,ShreyaDesk 1D EXIT crossover,ShreyaDesk 1D Open Series,ShreyaDesk 1D Close Series,Original alternate-resolution BUY crossover (comparison only)
1323834300,15.98,15.98,13.795,14.060001,0,0,,0,0,0,,,0
1324266300,13.205,14.35,13.205,13.355,0,0,,0,0,0,,,0
1324525500,13.2,13.95,13.160001,13.695,0,0,,0,0,0,,,0
1324957500,13.889999,14,13.25,13.645,0,0,,0,0,0,,,0
1325216700,13.6,14.4,13.6,14.045,0,0,,0,0,0,,,0
1325475900,13.95,14.785001,13.5,13.825,0,0,,0,0,0,,,0
1325735100,13.985001,13.985001,13.27,13.539999,0,0,,0,0,0,,,0
1326167100,13.9,14.475,11.59,13.22,0,0,,0,0,0,,,0
1326426300,13.5,13.85,13.4,13.4,0,0,,0,0,0,,,0
1326858300,13.5,13.85,13.205,13.85,0,0,,0,0,0,,,0
1327290300,13.8,15.839999,12.65,14.98,0,0,,0,0,0,,,0
1327635900,15.3,16.425,14.635001,15.885001,14.310000200000001,14.523999800000002,,0,0,0,,,0
1328067900,15.5,15.705,14.814999,15.289999,14.310000200000001,14.523999800000002,,0,0,0,,,0
1328499900,15.7,16,14.78,15.610001,14.310000200000001,14.523999800000002,,0,0,0,,,0
1328759100,15.3,15.6,14.3,14.735001,14.822000160000002,14.67919984,,0,0,0,,,0
1329191100,14.7,16.8,14.3,16.505,14.822000160000002,14.67919984,16.548000000000002,1,0,0,,,0
1329450300,16.505,17.5,15.7,16.87,14.822000160000002,14.67919984,,0,0,0,,,0
1329968700,16.605,18,15.7,17,15.294600328000001,15.064359872,,0,0,0,,,0
1330400700,16.7,19,16.605,18.139999,15.294600328000001,15.064359872,,0,0,0,,,0
1330659900,17.910001,18.3,16.9,17.185001,15.294600328000001,15.064359872,,0,0,0,,,0
1331091900,17.5,19,17,18.22,16.131680262400003,15.551487897600001,,0,0,0,,,0
1331610300,18.060001,20.35,18,19.675,16.131680262400003,15.551487897600001,,0,0,0,,,0
1331869500,19.7,19.989999,18.939999,19.48,16.131680262400003,15.551487897600001,,0,0,0,,,0
1332301500,19.5,19.895,18.925,19.335001,16.539344209920003,16.341190318080002,,0,0,0,,,0
1332733500,19.795,20.9,18.5,18.764999,16.539344209920003,16.341190318080002,,0,0,0,,,0
1332992700,18.164999,19.6,17.3,18.17,16.539344209920003,16.341190318080002,,0,0,0,,,0
1333424700,18.789999,19.789999,18.17,19.585001,17.038475567936,16.830952054464,,0,0,0,,,0
1334029500,19.595,19.6,19,19.210001,17.038475567936,16.830952054464,,0,0,0,,,0
1334288700,19,20.18,18.710001,19.035001,17.038475567936,16.830952054464,,0,0,0,,,0
1334720700,19.395,19.4,18.35,18.485001,17.101780454348802,17.3437616435712,,0,0,0,,,0
1335152700,17.75,19.7,17,17.02,17.101780454348802,17.3437616435712,,0,0,0,,,0
1335411900,16.805,18.7,16.095,17.355,17.101780454348802,17.3437616435712,,0,0,0,,,0
1335930300,17.6,18.5,16.839999,17.175,16.996424363479044,17.395009314856956,,0,0,0,,,0
1336362300,16.98,17.625,16.414999,16.625,16.996424363479044,17.395009314856956,,0,0,0,,,0
1336621500,16.55,17.295,15.8,16.575,16.996424363479044,17.395009314856956,,0,0,0,,,0
1337053500,16.889999,16.889999,15.68,16.195,16.739139690783237,17.294007251885567,,0,0,0,,,0
1337312700,15.8,16.7,15.795,16.6,16.739139690783237,17.294007251885567,,0,0,0,,,0
1337744700,16.005,16.795,15.675,15.710001,16.739139690783237,17.294007251885567,,0,0,0,,,0
1338176700,15.6,16.7,15.010001,15.364999,16.34631175262659,16.955205801508452,,0,0,0,,,0
1338435900,14.8,15.995,14.47,15.055,16.34631175262659,16.955205801508452,,0,0,0,,,0
1338867900,15.1,15.6,14.655,14.775,16.34631175262659,16.955205801508452,,0,0,0,,,0
1339127100,14.989999,15.6,14.5,14.860001,16.145049202101273,16.56216444120676,,0,0,0,,,0
1339559100,14.405,15.485001,14.405,15.4,16.145049202101273,16.56216444120676,,0,0,0,,,0
1339991100,15.3,16,14.8,15.339999,16.145049202101273,16.56216444120676,,0,0,0,,,0
1340250300,15.375,15.389999,14.705,15.35,15.986039361681017,16.32473155296541,,0,0,0,,,0
1340682300,15.4,15.43,14.810001,14.85,15.986039361681017,16.32473155296541,,0,0,0,,,0
1340941500,15,15.35,14.825,15.35,15.986039361681017,16.32473155296541,,0,0,0,,,0
1341373500,15.4,15.525,14.675,15.5,16.266831289344815,16.13978524237233,,0,0,0,,,0
1341805500,15.6,17.5,15.6,16.945,16.266831289344815,16.13978524237233,17.2375,1,0,0,,,0
1342064700,16.55,17.5,16.3,17.389999,16.266831289344815,16.13978524237233,,0,0,0,,,0
1342496700,17.5,17.5,15.710001,16.505,16.17346503147585,16.411828193897865,,0,0,0,,,0
1342755900,15.814999,17,15.814999,15.964999,16.17346503147585,16.411828193897865,,0,0,0,,,0
1343187900,15.8,16.6,15.2,15.8,16.17346503147585,16.411828193897865,,0,0,0,,,0
1343619900,16.489999,16.489999,14.95,15.5,16.03577222518068,16.42746235511829,,0,0,0,,,0
1343879100,15,15.9,15,15.4,16.03577222518068,16.42746235511829,,0,0,0,,,0
1344311100,15.775,16.589999,15.4,15.485001,16.03577222518068,16.42746235511829,,0,0,0,,,0
1344570300,15.505,16.6,14.95,16.6,16.078617780144544,16.24296988409463,,0,0,0,,,0
1345088700,16.1,17.325,15.87,16.1,16.078617780144544,16.24296988409463,,0,0,0,,,0
1345607100,16.460001,16.945,15.210001,16.25,16.078617780144544,16.24296988409463,,0,0,0,,,0
1346039100,16.005,16.1,14.17,14.5,15.835894024115635,16.195375907275704,,0,0,0,,,0
1346298300,14.32,15.45,14.3,15.295,15.835894024115635,16.195375907275704,,0,0,0,,,0
1346730300,15.005,15.164999,14.635001,14.864999,15.835894024115635,16.195375907275704,,0,0,0,,,0
1346989500,15.22,15.239999,14.93,14.945,15.871715019292509,16.000300725820562,,0,0,0,,,0
1347421500,15.3,15.5,14.675,15.195,15.871715019292509,16.000300725820562,,0,0,0,,,0
1347853500,15.389999,16.8,15.389999,16.014999,15.871715019292509,16.000300725820562,,0,0,0,,,0
1348199100,16.385001,17.02,15.4,16.53,15.997372015434006,16.07724078065645,,0,0,0,,,0
1348631100,17,17.4,16.1,17.075,15.997372015434006,16.07724078065645,,0,0,0,,,0
1349063100,17.110001,17.3,16.4,16.5,15.997372015434006,16.07724078065645,,0,0,0,,,0
1349408700,16.064999,16.789999,15.985001,16.45,16.067897612347206,16.07479242452516,,0,0,0,,,0
1349840700,16.655,16.655,15.68,16,16.067897612347206,16.07479242452516,,0,0,0,,,0
1350272700,16,16.38,15.4,16.35,16.067897612347206,16.07479242452516,,0,0,0,,,0
1350531900,15.82,16.339999,15.7,15.7,16.027317889877764,16.02383393962013,,0,0,0,,,0
1350963900,16.1,16.65,15.4,16.2,16.027317889877764,16.02383393962013,16.40025,1,0,0,,,0
1351482300,16.245,16.45,15.705,15.864999,16.027317889877764,16.02383393962013,,0,0,0,,,0
1351741500,16,16.5,15.35,15.355,16.52185431190221,16.019067151696103,,0,0,0,,,0
1352173500,15.3,16.3,14.7,15.2,16.52185431190221,16.019067151696103,,0,0,0,,,0
1352432700,16.35,18.7,16.25,18.5,16.52185431190221,16.019067151696103,,0,0,0,,,0
1352951100,15.13,18.6,15.13,18,16.910483249521768,15.841253721356882,,0,0,0,,,0
1353383100,17.95,18.45,17.525,17.85,16.910483249521768,15.841253721356882,,0,0,0,,,0
1353642300,18.289999,18.6,17.695,18.464999,16.910483249521768,15.841253721356882,,0,0,0,,,0
1354160700,18.114999,18.6,17.805,18.5,17.217386599617413,16.296002777085505,,0,0,0,,,0
1354592700,18.3,18.78,18.05,18.7,17.217386599617413,16.296002777085505,,0,0,0,,,0
1354851900,18.55,20.9,18.05,18.445,17.217386599617413,16.296002777085505,,0,0,0,,,0
1355283900,18.810001,18.810001,17.764999,17.825,17.17390927969393,16.798802421668405,,0,0,0,,,0
1355715900,17.764999,18.05,17.5,17.9,17.17390927969393,16.798802421668405,,0,0,0,,,0
1355975100,18.1,18.195,17,17,17.17390927969393,16.798802421668405,,0,0,0,,,0
1356493500,17.014999,17.6,17,17.45,17.257127223755145,16.842041737334725,,0,0,0,,,0
1356925500,17.6,17.6,17.17,17.589999,17.257127223755145,16.842041737334725,,0,0,0,,,0
1357011900,17.6,17.6,16.7,16.98,17.195701779004118,16.993633389867778,,0,0,0,,,0
1357271100,17.4,17.5,16.264999,16.964999,17.195701779004118,16.993633389867778,,0,0,0,,,0
1357703100,17.1,17.285001,16.405,16.95,17.195701779004118,16.993633389867778,,0,0,0,,,0
1358135100,17,18.78,16.85,17.75,17.984561223203293,16.994906711894224,,0,0,0,,,0
1358394300,18,19.355,17,19.045,17.984561223203293,16.994906711894224,,0,0,0,,,0
1358826300,18.989999,21.539999,18.9,21.139999,17.984561223203293,16.994906711894224,,0,0,0,,,0
1359085500,21.2,23.095,20.560001,21.775,18.787648978562636,17.83592536951538,,0,0,0,,,0
1359517500,21.989999,22.8,21.4,22.555,18.787648978562636,17.83592536951538,,0,0,0,,,0
1359949500,22.52,22.8,21.2,22,18.787648978562636,17.83592536951538,,0,0,0,,,0
1360208700,22,22.325,21.410001,21.6,19.170119182850108,18.668740295612302,,0,0,0,,,0
1360640700,21.65,22.73,20.65,20.9,19.170119182850108,18.668740295612302,,0,0,0,,,0
1360899900,21.485001,21.505,19.675,20.7,19.170119182850108,18.668740295612302,,0,0,0,,,0
1361331900,20.989999,20.989999,19.7,20.25,19.046095346280087,19.132992036489842,,0,0,0,,,0
1361763900,20.05,20.05,18.5,18.5,19.046095346280087,19.132992036489842,,0,0,0,,,0
1362023100,19.9,20,17.8,18.55,19.046095346280087,19.132992036489842,,0,0,0,,,0
1362455100,19.67,19.67,18.05,18.9,18.85887647702407,19.240393629191875,,0,0,0,,,0
1362714300,18.9,19.789999,17.7,18.8,18.85887647702407,19.240393629191875,,0,0,0,,,0
1363146300,18.18,19.1,18.1,18.110001,18.85887647702407,19.240393629191875,,0,0,0,,,0
1363578300,18.5,18.5,16.314999,16.989999,18.487101181619256,19.0923149033535,,0,0,0,,,0
1363837500,17.495,17.714999,16,16.375,18.487101181619256,19.0923149033535,,0,0,0,,,0
1364269500,16.6,17.395,16.1,17,18.487101181619256,19.0923149033535,,0,0,0,,,0
1364874300,17.35,17.5,16.3,16.4,18.089680945295406,18.7438519226828,,0,0,0,,,0
1365133500,17,17.08,16.2,16.4,18.089680945295406,18.7438519226828,,0,0,0,,,0
1365565500,16.45,16.695,16.064999,16.5,18.089680945295406,18.7438519226828,,0,0,0,,,0
1365997500,16.8,16.889999,16.5,16.5,17.811744756236326,18.35508153814624,,0,0,0,,,0
1366256700,16.775,18,16.5,17.2,17.811744756236326,18.35508153814624,,0,0,0,,,0
1366861500,17.2,17.4,16.7,16.7,17.811744756236326,18.35508153814624,,0,0,0,,,0
1367293500,17,19.8,16.805,19,17.84939580498906,18.08406523051699,,0,0,0,,,0
1367811900,18.364999,19.455,18.364999,18.989999,17.84939580498906,18.08406523051699,,0,0,0,,,0
1368071100,18.260001,19,17.814999,18,17.84939580498906,18.08406523051699,,0,0,0,,,0
1368503100,17.505,18.5,17.5,17.560001,17.67951664399125,17.968252184413593,,0,0,0,,,0
1368762300,17.57,18.68,17.25,17.25,17.67951664399125,17.968252184413593,,0,0,0,,,0
1369194300,17,17.9,16.825,17,17.67951664399125,17.968252184413593,,0,0,0,,,0
1369626300,17.2,18.3,16.75,18,17.544613315192997,17.814601747530876,,0,0,0,,,0
1369885500,18,18.4,17.255,17.389999,17.544613315192997,17.814601747530876,,0,0,0,,,0
1370317500,17.25,17.5,16.785001,17.005,17.544613315192997,17.814601747530876,,0,0,0,,,0
1370576700,16.6,17.9,16.305,16.545,17.276690652154397,17.5716813980247,,0,0,0,,,0
1371008700,16.410001,17.735001,15.88,16.3,17.276690652154397,17.5716813980247,,0,0,0,,,0
1371440700,16.835001,17.57,16.2,16.205,17.276690652154397,17.5716813980247,,0,0,0,,,0
1371699900,16.35,16.68,15.7,15.9,17.021352521723518,17.32734511841976,,0,0,0,,,0
1372131900,15.375,16.745,15,15.8,17.021352521723518,17.32734511841976,,0,0,0,,,0
1372391100,15.2,16.825,15.2,16,17.021352521723518,17.32734511841976,,0,0,0,,,0
1372823100,16,16.560001,15,16.4,17.117082017378813,17.06187609473581,,0,0,0,,,0
1373255100,15.5,17.989999,15.439999,17.564999,17.117082017378813,17.06187609473581,17.720149015,1,0,0,,,0
1373514300,17.155,17.97,16.505,17.5,17.117082017378813,17.06187609473581,,0,0,0,,,0
1373946300,17,17.7,16.439999,17.38,16.933665613903052,17.049500875788645,,0,0,0,,,0
1374205500,15.610001,17.764999,15.010001,17.1,16.933665613903052,17.049500875788645,,0,0,0,,,0
1374637500,17.145,17.8,16.014999,16.2,16.933665613903052,17.049500875788645,,0,0,0,,,0
1375069500,16.089999,16.1,15.010001,15.225,16.34693249112244,16.857600500630916,,0,0,0,,,0
1375328700,15.525,16.285001,14.5,14.55,16.34693249112244,16.857600500630916,,0,0,0,,,0
1375760700,14.305,14.8,13.75,14,16.34693249112244,16.857600500630916,,0,0,0,,,0
1376279100,14.005,15.5,13.839999,15.385001,15.877545992897954,16.28708040050473,,0,0,0,,,0
1376624700,16.4,16.4,13.68,14.2,15.877545992897954,16.28708040050473,,0,0,0,,,0
1377056700,14.5,14.5,13.339999,14,15.877545992897954,16.28708040050473,,0,0,0,,,0
1377488700,13.960001,14.395,13.289999,14,15.602036794318362,15.821664520403786,,0,0,0,,,0
1377747900,13.235001,16.205,13.235001,15.2,15.602036794318362,15.821664520403786,,0,0,0,,,0
1378179900,15.5,15.5,13.645,14.5,15.602036794318362,15.821664520403786,,0,0,0,,,0
1378439100,14.425,15.9,14,15.6,15.68162943545469,15.542331616323029,,0,0,0,,,0
1378957500,16.195,16.4,14.275,15.2,15.68162943545469,15.542331616323029,15.876,0,0,0,,,0
1379389500,14.605,16.1,14.539999,16,15.68162943545469,15.542331616323029,,0,0,0,,,0
1379648700,16.360001,16.93,15.525,15.525,15.625303548363751,15.705865493058422,,0,0,0,,,0
1380080700,15.310001,16.5,15.289999,15.3,15.625303548363751,15.705865493058422,,0,0,0,,,0
1380512700,15.989999,16.22,15.205,15.4,15.625303548363751,15.705865493058422,,0,0,0,,,0
1380858300,16,16.67,14.5,14.9,15.254242838691003,15.764692394446737,,0,0,0,,,0
1381290300,15.645,15.845,14.1,14.395,15.254242838691003,15.764692394446737,,0,0,0,,,0
1381722300,15.095,15.3,13.77,13.77,15.254242838691003,15.764692394446737,,0,0,0,,,0
1382067900,14.005,14.8,13.895,14.45,15.1613940709528,15.412753915557388,,0,0,0,,,0
1382499900,14.5,15.17,13.85,14,15.1613940709528,15.412753915557388,,0,0,0,,,0
1382931900,13.855,14.8,13.855,14.789999,15.1613940709528,15.412753915557388,,0,0,0,,,0
1383191100,14.8,15.339999,14.2,15.289999,15.08811525676224,15.29020313244591,,0,0,0,,,0
1383709500,15.005,15.8,14.714999,15.055,15.08811525676224,15.29020313244591,,0,0,0,,,0
1384141500,14.939999,14.989999,14.22,14.795,15.08811525676224,15.29020313244591,,0,0,0,,,0
1384400700,14.8,14.8,13.95,14.114999,15.070492205409792,15.192162505956727,,0,0,0,,,0
1384919100,14.23,14.695,14.2,14.3,15.070492205409792,15.192162505956727,,0,0,0,,,0
1385351100,14.32,15.05,13.160001,15,15.070492205409792,15.192162505956727,,0,0,0,,,0
1385610300,14.8,15.885001,14.510001,15.339999,14.916393764327832,15.113730004765381,,0,0,0,,,0
1386042300,14.439999,15.595,14.439999,15.1,14.916393764327832,15.113730004765381,,0,0,0,,,0
1386301500,14.995,15.8,14.205,14.3,14.916393764327832,15.113730004765381,,0,0,0,,,0
1386733500,14.35,14.85,14.225,14.255,14.833115011462265,14.960984003812305,,0,0,0,,,0
1387165500,14.4,15.5,13.995,14.25,14.833115011462265,14.960984003812305,,0,0,0,,,0
1387424700,15.2,15.2,14.155,14.5,14.833115011462265,14.960984003812305,,0,0,0,,,0
1387856700,14.5,14.6,13.760001,14.110001,14.737492009169813,14.868787203049845,,0,0,0,,,0
1388375100,14.3,14.855,14.12,14.355,14.737492009169813,14.868787203049845,,0,0,0,,,0
1388547900,14.214999,14.755,14.125,14.225,14.749993607335849,14.738029562439877,,0,0,0,,,0
1388979900,14.535001,15.2,14.2,15.045,14.749993607335849,14.738029562439877,14.972,1,0,0,,,0
1389239100,15.4,15.489999,14.42,14.8,14.749993607335849,14.738029562439877,,0,0,0,,,0
1389671100,15,15.7,14.839999,15.7,14.759994885868679,14.7904236499519,,0,0,0,,,0
1389930300,15.689999,15.7,14.739999,15,14.759994885868679,14.7904236499519,,0,0,0,,,0
1390362300,15.2,15.35,14.5,14.8,14.759994885868679,14.7904236499519,,0,0,0,,,0
1390794300,14.875,14.9,14.210001,14.510001,14.657995908694943,14.80733891996152,,0,0,0,,,0
1391053500,14.639999,15.2,14.12,14.545,14.657995908694943,14.80733891996152,,0,0,0,,,0
1391485500,14.489999,14.489999,14.055,14.25,14.657995908694943,14.80733891996152,,0,0,0,,,0
1391744700,14,14.6,14,14.2,14.971396726955954,14.645871135969216,,0,0,0,,,0
1392176700,14.395,16.2,13.355,15.645,14.971396726955954,14.645871135969216,15.956999999999999,1,0,0,,,0
1392608700,16.164999,16.35,15.005,16.225,14.971396726955954,14.645871135969216,,0,0,0,,,0
1392867900,16,16.639999,15.125,15.975,15.019117581564762,14.916696908775373,,0,0,0,,,0
1393299900,15.75,16.32,15.375,15.67,15.019117581564762,14.916696908775373,,0,0,0,,,0
1393818300,15.355,16.345,15,15.210001,15.019117581564762,14.916696908775373,,0,0,0,,,0
1394077500,15.289999,18.8,14.83,18.460001,15.79429406525181,14.9913573270203,,0,0,0,,,0
1394509500,18.795,19.5,17.739999,18.055,15.79429406525181,14.9913573270203,,0,0,0,,,0
1394768700,17.314999,18.989999,17.3,18.895,15.79429406525181,14.9913573270203,,0,0,0,,,0
1395287100,18.75,19.605,17.825,18.960001,16.582435452201448,15.74308586161624,,0,0,0,,,0
1395719100,18.9,19.2,18.1,18.57,16.582435452201448,15.74308586161624,,0,0,0,,,0
1395978300,18.360001,20.1,18.360001,19.735001,16.582435452201448,15.74308586161624,,0,0,0,,,0
1396410300,19.2,22.85,18.635001,22.125,17.46194836176116,16.43446868929299,,0,0,0,,,0
1396842300,22.125,22.5,20.010001,20.885001,17.46194836176116,16.43446868929299,,0,0,0,,,0
1397187900,20.7,21.495,20.025,20.98,17.46194836176116,16.43446868929299,,0,0,0,,,0
1397706300,21.310001,22.85,20.139999,21.325,18.06955868940893,17.409575151434392,,0,0,0,,,0
1398224700,20.910001,22,20.38,21.72,18.06955868940893,17.409575151434392,,0,0,0,,,0
1398743100,21.05,21.68,20.2,20.5,18.06955868940893,17.409575151434392,,0,0,0,,,0
1399261500,21.25,21.5,20,20.4,18.602647151527144,18.177660121147515,,0,0,0,,,0
1399520700,19.905,23.125,19.905,22.564999,18.602647151527144,18.177660121147515,,0,0,0,,,0
1399952700,22,23.2,20.2,20.735001,18.602647151527144,18.177660121147515,,0,0,0,,,0
1400211900,20.53,22.695,19.455,21.314999,20.196117921221717,18.64812809691801,,0,0,0,,,0
1400643900,21.05,25,21.05,23.875,20.196117921221717,18.64812809691801,,0,0,0,,,0
1401075900,24.98,26.689999,23,26.570001,20.196117921221717,18.64812809691801,,0,0,0,,,0
1401335100,26.495001,28,24.75,26.335001,21.789894136977374,20.21750267753441,,0,0,0,,,0
1401767100,26.495001,28.004999,26.104999,27.370001,21.789894136977374,20.21750267753441,,0,0,0,,,0
1402026300,27,28.470001,26.5,28.164999,21.789894136977374,20.21750267753441,,0,0,0,,,0
1402458300,28.514999,28.904999,27.010001,27.675,22.9019153095819,21.877001942027526,,0,0,0,,,0
1402890300,28.5,28.5,26.9,27.245001,22.9019153095819,21.877001942027526,,0,0,0,,,0
1403149500,27.435001,28.4,26.5,27.35,22.9019153095819,21.877001942027526,,0,0,0,,,0
1403581500,27.839999,30,27.135001,28.854999,24.55553244766552,23.069601353622023,,0,0,0,,,0
1403840700,28.5,32.495001,28.5,31.570001,24.55553244766552,23.069601353622023,,0,0,0,,,0
1404272700,33.3,33.3,31.029999,31.170001,24.55553244766552,23.069601353622023,,0,0,0,,,0
1404704700,32.35,32.35,29.120001,29.770001,26.206426158132416,24.92568108289762,,0,0,0,,,0
1404963900,28.704999,31.895001,28.204999,29.870001,26.206426158132416,24.92568108289762,,0,0,0,,,0
1405395900,29.204999,33,29.2,32.810001,26.206426158132416,24.92568108289762,,0,0,0,,,0
1405655100,33.220001,35.4,32.7,33.745001,27.56714112650593,26.584545066318093,,0,0,0,,,0
1406087100,33.739999,34.35,31.595001,33.260001,27.56714112650593,26.584545066318093,,0,0,0,,,0
1406519100,31.5,33.5,31.279999,33.010001,27.56714112650593,26.584545066318093,,0,0,0,,,0
1406864700,31.520001,34.979999,31.5,32.510001,28.846712701204744,27.571636253054475,,0,0,0,,,0
1407296700,32.6,35.5,31.610001,33.504999,28.846712701204744,27.571636253054475,,0,0,0,,,0
1407728700,33.1,34.464999,32.520001,33.964999,28.846712701204744,27.571636253054475,,0,0,0,,,0
1407987900,33.464999,35.470001,32.954999,34.564999,29.646370360963793,28.750308802443577,,0,0,0,,,0
1408506300,34.9,35,33.4,33.6,29.646370360963793,28.750308802443577,,0,0,0,,,0
1408938300,34.7,34.7,32.510001,32.845001,29.646370360963793,28.750308802443577,,0,0,0,,,0
1409197500,32.814999,33.1,31.004999,32.495001,30.212096288771033,29.56324684195486,,0,0,0,,,0
1409715900,32.2,33,31,31.775,30.212096288771033,29.56324684195486,,0,0,0,,,0
1410147900,32.204999,34.495001,31.525,32.475,30.212096288771033,29.56324684195486,,0,0,0,,,0
1410407100,32.545001,33,31.6,31.939999,30.31367723101683,30.159597673563887,,0,0,0,,,0
1410839100,31.85,32.6,30.304999,31.310001,30.31367723101683,30.159597673563887,,0,0,0,,,0
1411098300,33.129999,33.129999,30.4,30.720001,30.31367723101683,30.159597673563887,,0,0,0,,,0
1411530300,30.829999,31.589999,27.914999,28.185001,30.034941984813464,30.29367793885111,,0,0,0,,,0
1411962300,29,29.904999,27.910001,28.604999,30.034941984813464,30.29367793885111,,0,0,0,,,0
1412653500,28.320001,29.7,28.1,28.920001,30.034941984813464,30.29367793885111,,0,0,0,,,0
1412912700,29.3,33.6,28.510001,30.785001,30.420953387850773,30.094942351080892,,0,0,0,,,0
1413431100,32.4,32.4,28.985001,30.2,30.420953387850773,30.094942351080892,31.752,0,0,0,,,0
1413863100,29.514999,32.8,29.510001,31.964999,30.420953387850773,30.094942351080892,,0,0,0,,,0
1414381500,30.670001,31.95,30.270001,30.945001,31.277762510280617,30.209954080864712,,0,0,0,,,0
1414640700,29.504999,32.989999,29.504999,31.735001,31.277762510280617,30.209954080864712,,0,0,0,,,0
1415159100,32.129999,34.889999,31.2,34.704999,31.277762510280617,30.209954080864712,,0,0,0,,,0
1415677500,34.7,35.4,33.789999,33.964999,31.576210208224495,31.107963264691772,,0,0,0,,,0
1415936700,34.9,34.975,32.414999,33.539999,31.576210208224495,31.107963264691772,,0,0,0,,,0
1416368700,33.539999,33.804999,31.85,32.770001,31.576210208224495,31.107963264691772,,0,0,0,,,0
1416800700,33.804999,33.804999,30.85,32.620001,32.4399683665796,31.647370411753418,,0,0,0,,,0
1417059900,31.7,35.495001,31,33.525,32.4399683665796,31.647370411753418,,0,0,0,,,0
1417491900,33.629999,36,32.8,35.895001,32.4399683665796,31.647370411753418,,0,0,0,,,0
1417751100,36.5,37.004999,35.125,36.364999,32.497974493263676,32.61789632940273,,0,0,0,,,0
1418183100,35.754999,36.5,34.4,34.935001,32.497974493263676,32.61789632940273,,0,0,0,,,0
1418615100,35.5,35.895001,32.145001,32.729999,32.497974493263676,32.61789632940273,,0,0,0,,,0
1418874300,33,34.995001,31.779999,32.754999,32.83037979461094,32.694317063522185,,0,0,0,,,0
1419306300,32.5,33.014999,31.139999,31.985001,32.83037979461094,32.694317063522185,31.849999999999998,0,0,0,,,0
1419824700,31.985001,34.379999,31.985001,34.160001,32.83037979461094,32.694317063522185,33.864299015,1,0,0,,,0
1420083900,34.4,34.9,32.504999,32.925,33.369303835688754,33.03545365081775,,0,0,0,,,0
1420515900,32.7,33.970001,32.5,32.714999,33.369303835688754,33.03545365081775,,0,0,0,,,0
1420775100,32.720001,36.5,32.5,35.525,33.369303835688754,33.03545365081775,,0,0,0,,,0
1421207100,35.8,39.870001,34.210001,38.839999,34.173442868551,33.5883629206542,,0,0,0,,,0
1421639100,39.389999,39.9,37.5,38.285001,34.173442868551,33.5883629206542,,0,0,0,,,0
1421898300,38.210001,39.395001,37.3,37.389999,34.173442868551,33.5883629206542,,0,0,0,,,0
1422416700,38.804999,38.804999,34.5,35.960001,34.6877544948408,34.63169013652336,,0,0,0,,,0
1422848700,36.425,38.1,34.5,36.425,34.6877544948408,34.63169013652336,,0,0,0,,,0
1423107900,35.120001,37.2,35,36.745001,34.6877544948408,34.63169013652336,,0,0,0,,,0
1423539900,36.985001,36.989999,35.2,36.135001,35.10720379587264,35.10235230921869,,0,0,0,,,0
1423799100,36.139999,36.785001,34.2,34.770001,35.10720379587264,35.10235230921869,,0,0,0,,,0
1424317500,34.5,39.320001,33.6,36.785001,35.10720379587264,35.10235230921869,,0,0,0,,,0
1424749500,36.05,38.210001,35.120001,36.295001,35.35776323669811,35.29188184737495,,0,0,0,,,0
1425008700,36.339999,38.210001,33.110001,35.054999,35.35776323669811,35.29188184737495,,0,0,0,,,0
1425354300,36.285001,37.964999,35,36.360001,35.35776323669811,35.29188184737495,,0,0,0,,,0
1425872700,36.6,42.010001,35.364999,41.614999,35.66121058935849,35.55350547789996,,0,0,0,,,0
1426131900,41.585001,41.739999,37.779999,38.929999,35.66121058935849,35.55350547789996,,0,0,0,,,0
1426563900,39.6,39.989999,36.525,36.875,35.66121058935849,35.55350547789996,,0,0,0,,,0
1426823100,37,37.795001,35,35.245001,37.1019682714868,35.84280438231997,,0,0,0,,,0
1427255100,35.4,35.914999,35,35.035001,37.1019682714868,35.84280438231997,,0,0,0,,,0
1427687100,35.2,43.4,35.004999,42.864999,37.1019682714868,35.84280438231997,,0,0,0,,,0
1428291900,43.020001,45.5,42.05,44.404999,38.608574817189435,37.27824370585598,,0,0,0,,,0
1428551100,44.8,44.8,42.5,43.185001,38.608574817189435,37.27824370585598,,0,0,0,,,0
1429069500,43.320001,46,43.320001,44.635001,38.608574817189435,37.27824370585598,,0,0,0,,,0
1429501500,44.6,46.8,42.895001,43.454999,39.59785965375155,38.742594964684784,,0,0,0,,,0
1429760700,44,45.2,40.5,42.764999,39.59785965375155,38.742594964684784,,0,0,0,,,0
1430192700,42.495001,44.2,40.670001,43.554999,39.59785965375155,38.742594964684784,,0,0,0,,,0
1430711100,44.445001,45.489999,42.125,43.225,40.21928752300124,39.883076171747824,,0,0,0,,,0
1430970300,42.2,44.885001,41.5,43.025,40.21928752300124,39.883076171747824,,0,0,0,,,0
1431402300,42.604999,43.6,41,42.704999,40.21928752300124,39.883076171747824,,0,0,0,,,0
1431661500,42.704999,45.510001,42.2,45.014999,40.92842981840099,40.44746073739826,,0,0,0,,,0
1432093500,45.014999,45.820001,44.5,44.660001,40.92842981840099,40.44746073739826,,0,0,0,,,0
1432525500,44.804999,44.995001,43.1,43.764999,40.92842981840099,40.44746073739826,,0,0,0,,,0
1432784700,43.614999,44.5,42.5,42.995001,40.622743854720795,41.08096838991861,,0,0,0,,,0
1433216700,43.110001,43.154999,39.395001,40.104999,40.622743854720795,41.08096838991861,,0,0,0,,,0
1433475900,40.995001,41,38,39.4,40.622743854720795,41.08096838991861,,0,0,0,,,0
1433907900,39.795001,41.979999,38.195001,38.514999,40.42519528377663,40.82377491193489,,0,0,0,,,0
1434339900,39.389999,42.510001,38.110001,41.114999,40.42519528377663,40.82377491193489,,0,0,0,,,0
1434599100,41.504999,41.504999,38.789999,39.635001,40.42519528377663,40.82377491193489,,0,0,0,,,0
1435031100,39.645001,40.010001,38,38.325,40.1151562270213,40.588020129547914,,0,0,0,,,0
1435290300,38.104999,39.2,37,38.004999,40.1151562270213,40.588020129547914,,0,0,0,,,0
1435722300,37.6,40,37.6,38.875,40.1151562270213,40.588020129547914,,0,0,0,,,0
1436154300,38.760001,41.5,38.3,38.514999,40.97412518161704,40.222416303638326,,0,0,0,,,0
1436413500,38.35,39.639999,38.035001,39.15,40.97412518161704,40.222416303638326,39.045399015,1,0,0,,,0
1436845500,39.875,45.2,39.404999,44.410001,40.97412518161704,40.222416303638326,44.522000000000006,0,0,0,,,0
1437104700,45.289999,47.7,43.510001,45.039999,41.71330034529363,41.23593284291066,,0,0,0,,,0
1437536700,45.089999,46.595001,44.579999,44.814999,41.71330034529363,41.23593284291066,,0,0,0,,,0
1437968700,44.870001,47.454999,43.989999,44.670001,41.71330034529363,41.23593284291066,,0,0,0,,,0
1438227900,45.189999,47.479999,42.704999,44.325,42.1866400762349,42.02674607432853,,0,0,0,,,0
1438659900,44.5,47.379999,43.814999,45.154999,42.1866400762349,42.02674607432853,,0,0,0,,,0
1438919100,45.295001,45.5,43.335001,44.079999,42.1866400762349,42.02674607432853,,0,0,0,,,0
1439351100,44.395001,44.95,41.589999,43.239999,41.92631226098793,42.50039705946283,,0,0,0,,,0
1439783100,43.010001,46.6,42.620001,44.760001,41.92631226098793,42.50039705946283,,0,0,0,,,0
1440042300,44.129999,44.695001,38.304999,40.885001,41.92631226098793,42.50039705946283,,0,0,0,,,0
1440474300,41.695001,45.3,40,44.920001,43.139049608790344,42.33931784757026,,0,0,0,,,0
1440733500,44,44.920001,41.145001,42.9,43.139049608790344,42.33931784757026,44.246200985,1,0,0,,,0
1441165500,42.895001,50.7,42.895001,47.989999,43.139049608790344,42.33931784757026,,0,0,0,,,0
1441597500,47.495001,48.835001,45.5,48.025,44.626239687032275,43.3704544780562,,0,0,0,,,0
1441856700,48.995001,49.489999,45.55,46.025,44.626239687032275,43.3704544780562,,0,0,0,,,0
1442288700,46,52.209998,45.3,50.575,44.626239687032275,43.3704544780562,,0,0,0,,,0
1442807100,49.995001,51.35,47.670001,50,45.62399154962581,44.695363782444964,,0,0,0,,,0
1443066300,49.3,51.1,48.260001,49.929999,45.62399154962581,44.695363782444964,,0,0,0,,,0
1443584700,49.264999,50.7,48.420001,49.614999,45.62399154962581,44.695363782444964,,0,0,0,,,0
1444103100,49.895001,53.4,49,51.979999,47.360193039700654,45.735291225955976,,0,0,0,,,0
1444362300,52.209998,55.875,52.009998,54.275,47.360193039700654,45.735291225955976,,0,0,0,,,0
1444794300,53.745001,55.290002,53.6,54.304999,47.360193039700654,45.735291225955976,,0,0,0,,,0
1445226300,54.3,56.2,52.790002,55.670001,48.12015463176052,47.448232980764786,,0,0,0,,,0
1445571900,56.4,56.4,51.8,52.909998,48.12015463176052,47.448232980764786,,0,0,0,,,0
1446003900,52.6,53.884998,50.5,51.160001,48.12015463176052,47.448232980764786,,0,0,0,,,0
1446435900,51.110001,53.275,50.075,52.059998,49.147123505408416,48.18058658461183,,0,0,0,,,0
1446695100,53,54.540002,49.5,53.004999,49.147123505408416,48.18058658461183,,0,0,0,,,0
1447127100,53.5,54.995001,51.604999,53.254999,49.147123505408416,48.18058658461183,,0,0,0,,,0
1447645500,52.159998,54.5,52.159998,53.5,50.57169900432673,48.97646886768946,,0,0,0,,,0
1447904700,54.195001,55.554999,52.904999,54,50.57169900432673,48.97646886768946,,0,0,0,,,0
1448336700,53.6,58.390002,53.6,56.270001,50.57169900432673,48.97646886768946,,0,0,0,,,0
1448855100,56.6,61.490002,56.6,60.029999,52.51935880346139,50.50117509415157,,0,0,0,,,0
1449114300,60.484998,61,58.5,58.945001,52.51935880346139,50.50117509415157,,0,0,0,,,0
1449546300,59.604999,61.7,55.984998,60.309998,52.51935880346139,50.50117509415157,,0,0,0,,,0
1449805500,60.590002,70.934998,60.590002,69.059998,57.85448724276911,52.51894047532126,,0,0,0,,,0
1450237500,69.240002,78.359998,68.8,76.265002,57.85448724276911,52.51894047532126,,0,0,0,,,0
1450669500,76.2,80.990002,74.5,79.195001,57.85448724276911,52.51894047532126,,0,0,0,,,0
1450928700,79.190002,79.629999,74.095001,76.095001,61.28159019421529,57.853152780257005,,0,0,0,,,0
1451447100,75.795001,77.470001,74.709998,74.990002,61.28159019421529,57.853152780257005,,0,0,0,,,0
1451619900,74.120001,84,72.365002,78.945001,64.44627195537223,61.10652242420561,,0,0,0,,,0
1452051900,78.470001,81.229999,74.6,77.504999,64.44627195537223,61.10652242420561,,0,0,0,,,0
1452483900,76,82.359998,72,77.104999,64.44627195537223,61.10652242420561,,0,0,0,,,0
1452743100,76,78.629999,67.704999,69.945001,65.37201756429778,64.08521793936448,,0,0,0,,,0
1453175100,68,72.15,65.259998,68.554999,65.37201756429778,64.08521793936448,,0,0,0,,,0
1453434300,69.9,72.8,67.609998,69.075,65.37201756429778,64.08521793936448,,0,0,0,,,0
1453952700,68.6,69.9,67,68.029999,65.70461365143822,64.98817435149158,,0,0,0,,,0
1454384700,68.495001,69.104999,65.1,66.704999,65.70461365143822,64.98817435149158,,0,0,0,,,0
1454643900,66,71.5,66,67.034998,65.70461365143822,64.98817435149158,,0,0,0,,,0
1455075900,67.6,67.7,57.670001,65.834998,65.40069052115058,65.51053948119326,,0,0,0,,,0
1455507900,68.890002,68.890002,59.640002,66.254999,65.40069052115058,65.51053948119326,,0,0,0,,,0
1455767100,67.1,67.895001,63.109998,64.184998,65.40069052115058,65.51053948119326,,0,0,0,,,0
1456199100,64,65,58,58.975,65.39455261692046,65.20843158495461,,0,0,0,,,0
1456458300,60.320001,60.320001,55.5,59.9,65.39455261692046,65.20843158495461,59.093999999999994,0,0,0,,,0
1456890300,58.5,67.9,58.5,65.370001,65.39455261692046,65.20843158495461,,0,0,0,,,0
1457408700,65.3,67.490002,64.6,66.1,65.31364249353638,65.2267452679637,,0,0,0,,,0
1457667900,66.240002,67.229999,65.079999,65.995001,65.31364249353638,65.2267452679637,,0,0,0,,,0
1458099900,65.9,66.95,64.3,64.990002,65.31364249353638,65.2267452679637,,0,0,0,,,0
1458531900,65.9,69.795001,65,68.379999,65.9639143948291,65.36139621437096,,0,0,0,,,0
1459136700,69.4,69.4,63.054999,67.870001,65.9639143948291,65.36139621437096,,0,0,0,,,0
1459395900,67.8,70,66.404999,68.565002,65.9639143948291,65.36139621437096,,0,0,0,,,0
1459827900,69.884998,73.395001,68.504999,72.35,68.88013171586329,66.26611657149677,,0,0,0,,,0
1460087100,71,78.7,71,77.279999,68.88013171586329,66.26611657149677,,0,0,0,,,0
1460519100,76.8,82.7,76.154999,80.545001,68.88013171586329,66.26611657149677,,0,0,0,,,0
1461210300,79.509998,85.5,79.109998,82.384998,71.26910537269063,68.91489285719742,,0,0,0,,,0
1461642300,78.5,82.995001,77.8,79.379999,71.26910537269063,68.91489285719742,,0,0,0,,,0
1461901500,81.4,81.5,78,80.825,71.26910537269063,68.91489285719742,,0,0,0,,,0
1462333500,79.7,81.4,78.5,80.204999,74.2922838981525,71.07191428575793,,0,0,0,,,0
1462765500,81.6,83.840002,79.059998,83.159998,74.2922838981525,71.07191428575793,,0,0,0,,,0
1463024700,83.4,89.9,82.05,86.384998,74.2922838981525,71.07191428575793,,0,0,0,,,0
1463456700,86.404999,89.990002,84.659998,85.25,77.073827118522,74.13853122860635,,0,0,0,,,0
1463715900,85,87.8,81.270001,85.129999,77.073827118522,74.13853122860635,,0,0,0,,,0
1464147900,87.5,89,85,88.2,77.073827118522,74.13853122860635,,0,0,0,,,0
1464579900,89.3,90.5,85.5,87.895001,79.6340616948176,77.17082498288508,,0,0,0,,,0
1464839100,88.5,92.854999,86.359998,90.865002,79.6340616948176,77.17082498288508,,0,0,0,,,0
1465271100,91,92.815002,88.7,89.875,79.6340616948176,77.17082498288508,,0,0,0,,,0
1465530300,88,92.195001,88,91.040002,81.70824915585408,79.33665998630806,,0,0,0,,,0
1465962300,92.229999,92.229999,88.6,90.734998,81.70824915585408,79.33665998630806,,0,0,0,,,0
1466394300,90.75,92.2,89.5,90.004999,81.70824915585408,79.33665998630806,,0,0,0,,,0
1466653500,90.75,95.290002,86.5,93.654999,84.66959972468325,81.61932798904645,,0,0,0,,,0
1467085500,92.509998,95.990002,91.6,94.55,84.66959972468325,81.61932798904645,,0,0,0,,,0
1467344700,94.2,97.190002,92.954999,96.515002,84.66959972468325,81.61932798904645,,0,0,0,,,0
1467863100,96.404999,97.7,94.604999,94.884998,86.67767937974659,84.57646219123717,,0,0,0,,,0
1468295100,96.5,96.5,93.1,94.429999,86.67767937974659,84.57646219123717,,0,0,0,,,0
1468554300,93.3,96.315002,93,94.709998,86.67767937974659,84.57646219123717,,0,0,0,,,0
1468986300,93,95.220001,93,93.640002,88.04514390379727,86.26116975298973,,0,0,0,,,0
1469418300,93.6,95.290002,90.8,91.55,88.04514390379727,86.26116975298973,,0,0,0,,,0
1469677500,91.104999,93.995001,90.75,93.515002,88.04514390379727,86.26116975298973,,0,0,0,,,0
1470109500,92.015002,94,90.1,93.104999,89.20711492303782,87.41193620239179,,0,0,0,,,0
1470368700,92.020001,95,91.5,93.504999,89.20711492303782,87.41193620239179,,0,0,0,,,0
1470800700,93.640002,95.779999,92.809998,93.854999,89.20711492303782,87.41193620239179,,0,0,0,,,0
1471319100,97.495001,100.9,95.1,100.115,90.72869233843025,89.42854916191342,,0,0,0,,,0
1471578300,101,101,96.1,97.095001,90.72869233843025,89.42854916191342,,0,0,0,,,0
1472010300,97.695001,100.7,96,96.815002,90.72869233843025,89.42854916191342,,0,0,0,,,0
1472442300,98.154999,98.159998,95.629999,97.25,91.2749534707442,91.17383912953073,,0,0,0,,,0
1472701500,97.879999,97.879999,91.8,93.615002,91.2749534707442,91.17383912953073,,0,0,0,,,0
1473219900,95.384998,95.5,93.1,93.459998,91.2749534707442,91.17383912953073,,0,0,0,,,0
1473651900,92,95.5,91.7,93.284998,90.02496277659536,91.33907130362459,,0,0,0,,,0
1473997500,94,94.429999,91.275,92.009998,90.02496277659536,91.33907130362459,,0,0,0,,,0
1474429500,92.8,92.8,84.5,85.025,90.02496277659536,91.33907130362459,,0,0,0,,,0
1474861500,85.909998,89.95,85.025,89.070001,89.20696982127629,90.25325664289967,,0,0,0,,,0
1475120700,90.595001,90.690002,81.1,86.254999,89.20696982127629,90.25325664289967,,0,0,0,,,0
1475552700,85.1,88,85.1,85.934998,89.20696982127629,90.25325664289967,,0,0,0,,,0
1475811900,84.5,90.5,84.5,86.3,90.06957605702102,89.10260531431973,,0,0,0,,,0
1476416700,85.509998,93.504999,85.509998,92.675,90.06957605702102,89.10260531431973,92.102424015,1,0,0,,,0
1476848700,91.004999,94.9,91.004999,93.520001,90.06957605702102,89.10260531431973,,0,0,0,,,0
1477280700,91.690002,94.990002,90.95,92.85,90.64766044561682,89.62008465145578,,0,0,0,,,0
1477539900,91.85,93.534998,83.7,91.565002,90.64766044561682,89.62008465145578,,0,0,0,,,0
1478058300,89.565002,93.9,88.229999,92.959998,90.64766044561682,89.62008465145578,,0,0,0,,,0
1478490300,92.959998,94.1,82.1,92.359998,90.44912815649346,90.28806732116462,,0,0,0,,,0
1478749500,94.909998,95.25,84,86.915002,90.44912815649346,90.28806732116462,,0,0,0,,,0
1479267900,85.179999,90.504999,83.440002,89.654999,90.44912815649346,90.28806732116462,,0,0,0,,,0
1479699900,88.779999,89.695001,86.070001,87.079999,90.64630212519477,89.98645365693169,,0,0,0,,,0
1479959100,87.1,90.490002,86.704999,89.340002,90.64630212519477,89.98645365693169,,0,0,0,,,0
1480391100,91.229999,94.8,87.579999,91.434998,90.64630212519477,89.98645365693169,,0,0,0,,,0
1480650300,91.4,93,86.770001,87.234998,89.92804150015581,90.26916292554536,,0,0,0,,,0
1481082300,85.8,89.8,82.609998,85.275,89.92804150015581,90.26916292554536,,0,0,0,,,0
1481514300,85.3,89.445001,85.3,87.054999,89.92804150015581,90.26916292554536,,0,0,0,,,0
1481773500,86.004999,92.370001,86,89.365002,89.91243320012465,89.41633014043629,,0,0,0,,,0
1482205500,90,95.859998,87.8,88.05,89.91243320012465,89.41633014043629,94.42209803,1,0,0,,,0
1482464700,89.395001,90.395001,87.6,89.85,89.91243320012465,89.41633014043629,,0,0,0,,,0
1482896700,91.8,92.5,88.55,91.529999,90.23594636009973,89.89306411234904,,0,0,0,,,0
1483328700,93,94.9,88.779999,93.95,92.10175748807978,90.51445128987923,,0,0,0,,,0
1483587900,94.9,95.9,93.059998,94.240002,92.10175748807978,90.51445128987923,,0,0,0,,,0
1484019900,95.890002,108.9,94.4,99.565002,92.10175748807978,90.51445128987923,,0,0,0,,,0
1484279100,100.47,105,97.759998,103.57,94.26640599046382,92.50556103190338,,0,0,0,,,0
1484711100,103.6,107.5,100.11,101.44,94.26640599046382,92.50556103190338,,0,0,0,,,0
1485143100,100.2,105.9,100.2,102.925,94.26640599046382,92.50556103190338,,0,0,0,,,0
1485488700,102.005,106,100,104.645,97.85512479237106,94.40544882552271,,0,0,0,,,0
1485920700,105.995,110.4,104.65,110.02,97.85512479237106,94.40544882552271,,0,0,0,,,0
1486352700,111.35,113,109.5,112.21,97.85512479237106,94.40544882552271,,0,0,0,,,0
1486611900,112.865,114.765,109.005,109.7,100.01409983389685,98.09735906041817,,0,0,0,,,0
1487043900,111.395,112,107.01,109.89,100.01409983389685,98.09735906041817,,0,0,0,,,0
1487303100,110.97,110.97,106.995,108.65,100.01409983389685,98.09735906041817,,0,0,0,,,0
1487735100,108.5,111.98,105.51,110.435,101.97827986711748,100.17788724833454,,0,0,0,,,0
1488253500,112.005,112.005,104.005,105.81,101.97827986711748,100.17788724833454,,0,0,0,,,0
1488512700,104.815,109.9,103.705,109.835,101.97827986711748,100.17788724833454,,0,0,0,,,0
1488944700,110.9,111.5,108.075,110.31,103.96762389369398,102.32230979866763,,0,0,0,,,0
1489463100,112.095,115.3,107,114.35,103.96762389369398,102.32230979866763,,0,0,0,,,0
1489722300,115.82,117.28,111.1,111.925,103.96762389369398,102.32230979866763,,0,0,0,,,0
1490154300,111.92,119.44,109.41,116.94,107.22509911495517,104.2418478389341,,0,0,0,,,0
1490586300,118,119,114.12,117.19,107.22509911495517,104.2418478389341,,0,0,0,,,0
1490845500,117.19,121.215,116.205,120.255,107.22509911495517,104.2418478389341,,0,0,0,,,0
1491363900,119.49,121.38,116.8,120.04,110.19207929196413,107.29147827114727,,0,0,0,,,0
1491795900,120.4,123.79,118.52,121.94,110.19207929196413,107.29147827114727,,0,0,0,,,0
1492055100,122.48,123.99,119.515,122.06,110.19207929196413,107.29147827114727,,0,0,0,,,0
1492573500,122.705,128.4,119.125,127.11,117.80766343357132,110.37418261691782,,0,0,0,,,0
1493005500,128.495,144.69,125.85,139.17,117.80766343357132,110.37418261691782,,0,0,0,,,0
1493264700,139.5,150,139.2,148.27,117.80766343357132,110.37418261691782,,0,0,0,,,0
1493783100,150,150.49,147,150.405,122.97413074685706,118.29934609353427,,0,0,0,,,0
1494215100,150.5,150.5,145,145.955,122.97413074685706,118.29934609353427,,0,0,0,,,0
1494474300,145.415,148.79,139,143.64,122.97413074685706,118.29934609353427,,0,0,0,,,0
1494906300,144,144,139.515,140.065,126.55430459748564,123.43947687482742,,0,0,0,,,0
1495165500,138.12,142.92,131.13,139.175,126.55430459748564,123.43947687482742,,0,0,0,,,0
1495597500,139.5,144.54,131.1,140.875,126.55430459748564,123.43947687482742,,0,0,0,,,0
1496029500,139,144.87,138,142.175,134.9064436779885,126.55158149986194,,0,0,0,,,0
1496288700,140.78,148.5,140.78,147.09,134.9064436779885,126.55158149986194,,0,0,0,,,0
1496720700,148.79,169.9,145.43,168.315,134.9064436779885,126.55158149986194,,0,0,0,,,0
1496979900,169,169.895,161.1,163.035,141.15915494239078,135.04126519988955,,0,0,0,,,0
1497411900,164.6,167.59,161,163.825,141.15915494239078,135.04126519988955,,0,0,0,,,0
1497843900,165.495,174.19,163.075,166.17,141.15915494239078,135.04126519988955,,0,0,0,,,0
1498103100,168.57,169.21,152.005,153.335,144.8873239539126,141.74701215991163,,0,0,0,,,0
1498621500,155.21,156.62,151,154.91,144.8873239539126,141.74701215991163,,0,0,0,,,0
1499053500,156.595,163.56,155.3,159.8,144.8873239539126,141.74701215991163,,0,0,0,,,0
1499312700,161.2,162.3,143.05,160.06,147.52985916313008,145.6376097279293,,0,0,0,,,0
1499744700,160.99,161,156.42,159.865,147.52985916313008,145.6376097279293,,0,0,0,,,0
1500003900,160.8,160.8,156,158.1,147.52985916313008,145.6376097279293,,0,0,0,,,0
1500435900,158.1,160.3,157.305,159.72,149.85488733050406,148.13008778234342,,0,0,0,,,0
1500867900,159.5,160.8,157.1,159.77,149.85488733050406,148.13008778234342,,0,0,0,,,0
1501127100,160.5,164.8,157.525,159.155,149.85488733050406,148.13008778234342,,0,0,0,,,0
1501559100,160,160.9,155.255,157.09,151.00690986440324,150.50407022587473,,0,0,0,,,0
1501818300,159,163.89,156,159.885,151.00690986440324,150.50407022587473,,0,0,0,,,0
1502250300,158.2,159.8,146.5,155.615,151.00690986440324,150.50407022587473,,0,0,0,,,0
1502682300,160.2,160.2,148.1,152.745,151.1285278915226,152.4432561806998,,0,0,0,,,0
1503027900,151.16,154,149.88,152.06,151.1285278915226,152.4432561806998,,0,0,0,,,0
1503459900,150.425,152.5,143.745,151.615,151.1285278915226,152.4432561806998,,0,0,0,,,0
1503978300,149.72,158.6,149.72,157.205,153.56382231321808,151.89860494455985,,0,0,0,,,0
1504237500,160.01,161,155,159.13,153.56382231321808,151.89860494455985,156.8,0,0,0,,,0
1504669500,159,165.095,157.405,163.305,153.56382231321808,151.89860494455985,162.618575,1,0,0,,,0
1505101500,163.4,178,161.705,169.785,158.64405785057448,154.1988839556479,,0,0,0,,,0
1505360700,171.2,190,169.955,188.335,158.64405785057448,154.1988839556479,,0,0,0,,,0
1505792700,192.7,194.5,178.7,178.965,158.64405785057448,154.1988839556479,,0,0,0,,,0
1506051900,178.97,179.395,166.795,173.635,164.42124628045957,159.1531071645183,,0,0,0,,,0
1506483900,175.495,175.495,166.5,169.42,164.42124628045957,159.1531071645183,,0,0,0,,,0
1507002300,173,189.1,170.13,187.53,164.42124628045957,159.1531071645183,,0,0,0,,,0
1507261500,188.7,193.86,185.255,192.755,169.79599702436764,165.06248573161466,,0,0,0,,,0
1507693500,193.4,195.335,187.145,189.405,169.79599702436764,165.06248573161466,,0,0,0,,,0
1508125500,196.83,196.83,185.62,191.295,169.79599702436764,165.06248573161466,,0,0,0,,,0
1508384700,191.5,193.7,183.51,187.045,173.29779761949413,170.34998858529173,,0,0,0,,,0
1508903100,187.995,188.005,178.855,186.235,173.29779761949413,170.34998858529173,,0,0,0,,,0
1509335100,186.005,187.48,182.795,187.305,173.29779761949413,170.34998858529173,,0,0,0,,,0
1509594300,187.305,196.01,183.7,189.055,176.5952380955953,173.74099086823338,,0,0,0,,,0
1510026300,190,194.9,186.805,192.48,176.5952380955953,173.74099086823338,,0,0,0,,,0
1510285500,192.495,192.5,186.62,189.785,176.5952380955953,173.74099086823338,,0,0,0,,,0
1510717500,187,190.95,185.99,188.05,178.80719047647625,176.39279269458672,,0,0,0,,,0
1511149500,187,191,184.31,188.93,178.80719047647625,176.39279269458672,,0,0,0,,,0
1511408700,185.5,190.09,181.39,187.655,178.80719047647625,176.39279269458672,,0,0,0,,,0
1511840700,188.9,199,184.8,197.985,182.023752381181,178.89423415566938,,0,0,0,,,0
1512099900,199.4,200.9,184.215,185.785,182.023752381181,178.89423415566938,,0,0,0,,,0
1512531900,186.5,196.225,183.5,194.89,182.023752381181,178.89423415566938,,0,0,0,,,0
1512963900,196.9,202.9,190,194.575,185.4980019049448,182.4953873245355,,0,0,0,,,0
1513223100,193.5,194.2,184.8,189.025,185.4980019049448,182.4953873245355,,0,0,0,,,0
1513655100,192.9,204.9,189.71,199.395,185.4980019049448,182.4953873245355,,0,0,0,,,0
1513914300,201.9,201.945,194,197.835,188.07340152395585,186.3763098596284,,0,0,0,,,0
1514432700,198,199.095,195.485,198.375,188.07340152395585,186.3763098596284,,0,0,0,,,0
1514778300,197,212.1,195.43,211.11001,194.07072321916468,188.50104788770273,,0,0,0,,,0
1515037500,212.2,237.6,212.2,228.11001,194.07072321916468,188.50104788770273,,0,0,0,,,0
1515469500,229.97,233.48999,216.61001,218.06001,194.07072321916468,188.50104788770273,,0,0,0,,,0
1515728700,219.205,231.48,218.61499,229.92,203.77257857533175,194.6418383101622,,0,0,0,,,0
1516160700,230,252.5,222.01001,250.06499,203.77257857533175,194.6418383101622,,0,0,0,,,0
1516592700,248.5,253.6,234.3,242.58,203.77257857533175,194.6418383101622,,0,0,0,,,0
1516851900,248,257.5,220.25,225.53,206.8300648602654,205.31347064812977,,0,0,0,,,0
1517370300,224,224,197.495,212.41001,206.8300648602654,205.31347064812977,,0,0,0,,,0
1517802300,205,220.98,188,219.06001,206.8300648602654,205.31347064812977,,0,0,0,,,0
1518061500,220.9,226.005,207.96499,212.695,205.6790518882123,208.43077651850382,,0,0,0,,,0
1518579900,213.98999,219.1,198.01,206.875,205.6790518882123,208.43077651850382,,0,0,0,,,0
1519011900,205,209.7,197.6,201.075,205.6790518882123,208.43077651850382,,0,0,0,,,0
1519271100,200,213.9,197.51,211.03501,203.67824151056985,206.74462121480306,,0,0,0,,,0
1519703100,213,216.305,202.2,206.65,203.67824151056985,206.74462121480306,,0,0,0,,,0
1520221500,208.45,208.45,192.005,195.675,203.67824151056985,206.74462121480306,,0,0,0,,,0
1520480700,198.5,199,185.4,188.515,201.6775932084559,205.09569697184241,,0,0,0,,,0
1520912700,185.2,206,185.005,202.26,201.6775932084559,205.09569697184241,,0,0,0,,,0
1521171900,205.5,205.5,190.1,193.675,201.6775932084559,205.09569697184241,,0,0,0,,,0
1521603900,195.32,196.69,181.655,188.52,202.25507456676473,203.1405575774739,,0,0,0,,,0
1522035900,191.775,200.25,186,198.68,202.25507456676473,203.1405575774739,,0,0,0,,,0
1522640700,201.785,206.98501,197.7,204.565,202.25507456676473,203.1405575774739,,0,0,0,,,0
1522899900,206,214.98999,206,212.08999,205.08106165341178,203.71244606197914,,0,0,0,,,0
1523331900,212.4,225,210.1,216.53501,205.08106165341178,203.71244606197914,221.625,1,0,0,,,0
1523591100,216.5,220,213.995,216.38501,205.08106165341178,203.71244606197914,,0,0,0,,,0
1524023100,213,218.695,212.1,212.95,207.94884932272944,205.5699568495833,,0,0,0,,,0
1524455100,212.98501,220,211,216.48,207.94884932272944,205.5699568495833,,0,0,0,,,0
1524714300,214.495,223,211.81001,219.42,207.94884932272944,205.5699568495833,,0,0,0,,,0
1525232700,213.83501,219.72,211.61001,218.38999,208.38507945818355,207.22296747966666,,0,0,0,,,0
1525664700,218,219.88999,208,212.56499,208.38507945818355,207.22296747966666,,0,0,0,,,0
1525923900,211.655,212.17,207,210.13,208.38507945818355,207.22296747966666,,0,0,0,,,0
1526355900,208.13999,209.425,198.25,199.835,204.22906356654684,207.40637198373332,,0,0,0,,,0
1526615100,199,201.23,186.605,190.805,204.22906356654684,207.40637198373332,,0,0,0,,,0
1527047100,193.99,193.99,185.5,187.605,204.22906356654684,207.40637198373332,,0,0,0,,,0
1527479100,187.61,194.28,185.83,188.78,199.34025085323748,203.44709758698667,,0,0,0,,,0
1527738300,189,191.8,178.5,179.96,199.34025085323748,203.44709758698667,,0,0,0,,,0
1528170300,179.96,182.5,162.555,179.785,199.34025085323748,203.44709758698667,,0,0,0,,,0
1528429500,178.7,180.855,176.03,179.55,195.31120068258997,198.49767806958934,,0,0,0,,,0
1528861500,179.1,182.125,177.7,179.75,195.31120068258997,198.49767806958934,,0,0,0,,,0
1529293500,178.1,182.585,177.63,179.195,195.31120068258997,198.49767806958934,,0,0,0,,,0
1529552700,178.94,180,173.055,178.61,188.25696054607198,194.58614245567145,,0,0,0,,,0
1529984700,178.095,178.215,165.5,166.42,188.25696054607198,194.58614245567145,,0,0,0,,,0
1530243900,166.71,170,156.125,160.04,188.25696054607198,194.58614245567145,,0,0,0,,,0
1530675900,161,170,158.515,168.845,184.0215684368576,187.86891396453717,,0,0,0,,,0
1531107900,172,174.795,163.085,170.66,184.0215684368576,187.86891396453717,,0,0,0,,,0
1531367100,171.665,174.08,163.97,167.08,184.0215684368576,187.86891396453717,,0,0,0,,,0
1531799100,164.33,168,160.27,164.18,179.90325474948608,183.16113117162973,,0,0,0,,,0
1532058300,162.565,166.745,158,164.365,179.90325474948608,183.16113117162973,,0,0,0,,,0
1532490300,165.25,168.98,159.8,163.43,179.90325474948608,183.16113117162973,,0,0,0,,,0
1532922300,164.36,164.88,160.3,162.575,179.45460379958885,179.40090493730378,,0,0,0,,,0
1533181500,161.205,184,160.895,180.155,179.45460379958885,179.40090493730378,181.24,1,0,0,,,0
1533613500,182,182.5,172.015,177.66,179.45460379958885,179.40090493730378,,0,0,0,,,0
1533872700,179.435,183.4,171.37,173.835,176.60368303967107,179.40772394984302,,0,0,0,,,0
1534391100,173.295,174.9,165.165,168.205,176.60368303967107,179.40772394984302,,0,0,0,,,0
1534823100,171,171.065,163.96,165.2,176.60368303967107,179.40772394984302,,0,0,0,,,0
1535341500,168,169.405,160,164.92,171.71694643173686,177.12617915987443,,0,0,0,,,0
1535600700,164.92,167,159.16,161.275,171.71694643173686,177.12617915987443,,0,0,0,,,0
1536032700,159.99,161.495,151,152.17,171.71694643173686,177.12617915987443,,0,0,0,,,0
1536291900,155.48,156.5,150.8,153.92,167.6695571453895,172.79694332789956,,0,0,0,,,0
1536723900,154.77,156.5,151,155.475,167.6695571453895,172.79694332789956,,0,0,0,,,0
1537242300,152.5,156.8,149,151.48,167.6695571453895,172.79694332789956,,0,0,0,,,0
1537760700,149.1,155,138,139.655,159.5666457163116,168.05755466231966,,0,0,0,,,0
1538019900,139.725,140.215,121.19,126.87,159.5666457163116,168.05755466231966,,0,0,0,,,0
1538538300,127,132.155,115.8,127.155,159.5666457163116,168.05755466231966,,0,0,0,,,0
1538970300,126,128,116.06,122.07,154.0393165730493,159.64604372985573,,0,0,0,,,0
1539229500,120,130.405,117.21,128.615,154.0393165730493,159.64604372985573,,0,0,0,,,0
1539661500,131.185,143,130.425,131.93,154.0393165730493,159.64604372985573,,0,0,0,,,0
1540179900,131.93,132.99,120.4,124.82,147.42945325843942,154.10283498388458,,0,0,0,,,0
1540439100,122.495,130.22,119.22,121.695,147.42945325843942,154.10283498388458,,0,0,0,,,0
1540871100,121.905,123.395,118.655,120.99,147.42945325843942,154.10283498388458,,0,0,0,,,0
1541130300,121.5,132.5,116.4,123.735,143.36456260675155,147.58226798710766,,0,0,0,,,0
1541562300,124.995,128.99,121.1,126.63,143.36456260675155,147.58226798710766,,0,0,0,,,0
1542080700,126.01,128.49,122.305,127.105,143.36456260675155,147.58226798710766,,0,0,0,,,0
1542339900,128.995,129.985,125.435,129.025,140.39765008540124,143.86481438968613,,0,0,0,,,0
1542771900,129.7,129.7,126.61,127.89,140.39765008540124,143.86481438968613,,0,0,0,,,0
1543290300,127.1,133.495,126.035,128.53,140.39765008540124,143.86481438968613,,0,0,0,,,0
1543549500,128.525,132.9,127.2,132.61,138.28312006832098,140.7968515117489,,0,0,0,,,0
1543981500,134,134.1,129.12,131.97,138.28312006832098,140.7968515117489,,0,0,0,,,0
1544413500,132,132,126.2,129.825,138.28312006832098,140.7968515117489,,0,0,0,,,0
1544672700,130.825,131.5,125.205,126.195,132.67149605465679,138.80248120939913,,0,0,0,,,0
1545104700,126.1,127,117.2,117.91,132.67149605465679,138.80248120939913,,0,0,0,,,0
1545363900,118,119.5,110.01,110.225,132.67149605465679,138.80248120939913,,0,0,0,,,0
1545882300,113.895,117.45,109.005,116.515,129.44019684372543,133.8209849675193,,0,0,0,,,0
1546314300,117.345,122.9,115.5,118.18,125.99115747498035,130.52578797401546,,0,0,0,,,0
1546573500,119.005,120.005,113.805,114.85,125.99115747498035,130.52578797401546,,0,0,0,,,0
1547005500,114.8,125,104.5,112.195,125.99115747498035,130.52578797401546,,0,0,0,,,0
1547437500,113.365,117.51,109.345,115.585,123.29992597998428,127.09363037921237,,0,0,0,,,0
1547696700,115,119.8,112,114.595,123.29992597998428,127.09363037921237,,0,0,0,,,0
1548128700,114.6,114.98,109.8,112.535,123.29992597998428,127.09363037921237,,0,0,0,,,0
1548387900,112.54,114.595,107.995,108.925,120.50394078398742,124.1829043033699,,0,0,0,,,0
1548819900,108.925,113.6,108.305,113.365,120.50394078398742,124.1829043033699,,0,0,0,,,0
1549251900,112.27,114.69,108.14,109.32,120.50394078398742,124.1829043033699,,0,0,0,,,0
1549511100,107.6,111.695,107.505,108.55,118.45215262718993,120.86632344269591,,0,0,0,,,0
1549943100,109.095,112,105.6,106.73,118.45215262718993,120.86632344269591,,0,0,0,,,0
1550202300,105,116,100.33,110.245,118.45215262718993,120.86632344269591,,0,0,0,,,0
1550634300,110.24,118.5,107.7,115.905,122.63472210175196,118.74105875415674,,0,0,0,,,0
1551066300,116,119,114.01,115.595,122.63472210175196,118.74105875415674,117.215,1,0,0,,,0
1551325500,115.945,140.4,115.325,139.365,122.63472210175196,118.74105875415674,,0,0,0,,,0
1551843900,138.8,143,137.105,139.01,125.99077768140157,122.7528470033254,,0,0,0,,,0
1552275900,139.01,142.105,137,139.475,125.99077768140157,122.7528470033254,,0,0,0,,,0
1552535100,142,142,133.435,139.415,125.99077768140157,122.7528470033254,,0,0,0,,,0
1552967100,140.6,144.055,137.01,139.895,130.65362214512123,126.32227760266032,,0,0,0,,,0
1553485500,140,144.49,138.2,143.415,130.65362214512123,126.32227760266032,,0,0,0,,,0
1553744700,142.945,151.75,141.49,149.305,130.65362214512123,126.32227760266032,,0,0,0,,,0
1554176700,150,151,140.36,144.24,133.65989771609696,131.05782208212827,,0,0,0,,,0
1554435900,142.315,151,142.315,149.805,133.65989771609696,131.05782208212827,,0,0,0,,,0
1554867900,148.99,151,144.02,145.685,133.65989771609696,131.05782208212827,,0,0,0,,,0
1555299900,145.7,158.3,145.7,155.78,138.70591817287757,133.98625766570262,,0,0,0,,,0
1555904700,153.6,161.4,152.495,158.995,138.70591817287757,133.98625766570262,,0,0,0,,,0
1556163900,158.995,160.5,152.835,158.89,138.70591817287757,133.98625766570262,,0,0,0,,,0
1556768700,160,160,151.5,153.345,140.14573453830207,139.1890061325621,,0,0,0,,,0
1557200700,152.39,153.6,146.8,148.78,140.14573453830207,139.1890061325621,,0,0,0,,,0
1557459900,148.46,152.3,142.13,145.905,140.14573453830207,139.1890061325621,,0,0,0,,,0
1557891900,147.37,147.37,139.605,144.095,145.09558763064166,140.8252049060497,,0,0,0,,,0
1558323900,159,162.505,150.2,160.105,145.09558763064166,140.8252049060497,,0,0,0,,,0
1558583100,164.7,168.795,160.005,164.895,145.09558763064166,140.8252049060497,,0,0,0,,,0
1559015100,166.87,166.87,161.21,162.63,147.6854701045133,146.03416392483976,,0,0,0,,,0
1559274300,161.21,165,156.2,156.7,147.6854701045133,146.03416392483976,,0,0,0,,,0
1559792700,156.96,162,154.63,158.045,147.6854701045133,146.03416392483976,,0,0,0,,,0
1560224700,157.67,162.5,153.93,158.97,148.73037608361065,148.3613311398718,,0,0,0,,,0
1560483900,157.215,158.395,151,155.505,148.73037608361065,148.3613311398718,,0,0,0,,,0
1560915900,156,157.53,150,152.91,148.73037608361065,148.3613311398718,,0,0,0,,,0
1561347900,154.9,154.9,149.8,152.255,152.14230086688852,149.66906491189744,,0,0,0,,,0
1561607100,152.265,156.89,148.83,155.945,152.14230086688852,149.66906491189744,,0,0,0,,,0
1562039100,156.75,167.79,156.72,165.79,152.14230086688852,149.66906491189744,,0,0,0,,,0
1562298300,166.785,168.4,156.435,159.795,152.93084069351082,153.09225192951794,,0,0,0,,,0
1562730300,157.105,160.925,156,156.78,152.93084069351082,153.09225192951794,,0,0,0,,,0
1563162300,156,157.98,152.835,156.085,152.93084069351082,153.09225192951794,,0,0,0,,,0
1563421500,155.9,155.9,142.4,149.32,149.44967255480864,153.65380154361435,,0,0,0,,,0
1563853500,149.32,152.99,145.875,146.645,149.44967255480864,153.65380154361435,,0,0,0,,,0
1564112700,144.845,147.515,130.25,135.525,149.44967255480864,153.65380154361435,,0,0,0,,,0
1564544700,135,143.8,131.59,134.445,145.4147380438469,149.92304123489149,,0,0,0,,,0
1564976700,133,136.34,129.35,132.07,145.4147380438469,149.92304123489149,,0,0,0,,,0
1565235900,131.39,136.475,126.53,129.275,145.4147380438469,149.92304123489149,,0,0,0,,,0
1565754300,129.2,134.99,123.11,129.885,142.40079043507754,145.77843298791316,,0,0,0,,,0
1566272700,128.44,131.315,125,127.7,142.40079043507754,145.77843298791316,,0,0,0,,,0
1566531900,125.13,134.795,119,130.345,142.40079043507754,145.77843298791316,,0,0,0,,,0
1566963900,130.345,133.8,125.005,132.525,139.92763234806202,142.69174639033054,,0,0,0,,,0
1567482300,134.9,134.9,127,127.35,139.92763234806202,142.69174639033054,,0,0,0,,,0
1567741500,129.99,131.4,127,130.035,139.92763234806202,142.69174639033054,,0,0,0,,,0
1568259900,129.61,131.44,128.1,129.685,140.29110587844963,140.07539711226443,,0,0,0,,,0
1568691900,131.985,131.985,127,127.62,140.29110587844963,140.07539711226443,129.35999999999999,0,0,0,,,0
1568951100,128.35,157,128.15,141.745,140.29110587844963,140.07539711226443,,0,0,0,,,0
1569383100,143.99,143.99,135.05,138.09,139.6228847027597,140.85831768981154,,0,0,0,,,0
1569815100,139.19,142.18,132.1,132.93,139.6228847027597,140.85831768981154,,0,0,0,,,0
1570160700,134.085,139.88,130,136.95,139.6228847027597,140.85831768981154,,0,0,0,,,0
1570679100,136.65,139.675,134.03,135.205,139.96430776220777,140.01665415184922,,0,0,0,,,0
1571111100,137.235,141.895,135.6,140.825,139.96430776220777,140.01665415184922,,0,0,0,,,0
1571370300,140.695,143,136.62,141.33,139.96430776220777,140.01665415184922,,0,0,0,,,0
1571888700,139.005,143.215,137.5,141.85,141.9174462097662,139.81432332147938,,0,0,0,,,0
1572320700,143.24,152,138.7,145.295,141.9174462097662,139.81432332147938,149.72,1,0,0,,,0
1572579900,149.7,152.4,145.53,149.73,141.9174462097662,139.81432332147938,,0,0,0,,,0
1573011900,150,151.175,142.645,143.855,144.04895696781296,141.8514586571835,,0,0,0,,,0
1573443900,145,154.5,141.52,149.31,144.04895696781296,141.8514586571835,,0,0,0,,,0
1573789500,149.31,153.67,148.98,152.575,144.04895696781296,141.8514586571835,,0,0,0,,,0
1574221500,152.5,157.5,151.005,155.52,147.50416557425038,143.9811669257468,,0,0,0,,,0
1574653500,157.02,158.99,153.2,158.075,147.50416557425038,143.9811669257468,,0,0,0,,,0
1574912700,158.7,162.9,155.125,161.325,147.50416557425038,143.9811669257468,,0,0,0,,,0
1575344700,162.1,163.705,152.505,157.825,150.76933245940032,147.60493354059744,,0,0,0,,,0
1575603900,158.19,163.395,155.585,159.765,150.76933245940032,147.60493354059744,,0,0,0,,,0
1576035900,160.32,166.625,158.68,163.83,150.76933245940032,147.60493354059744,,0,0,0,,,0
1576467900,163.83,169.9,161.31,162.66,156.17546596752027,150.84994683247797,,0,0,0,,,0
1576727100,163.61,170.42,158,169.355,156.17546596752027,150.84994683247797,,0,0,0,,,0
1577159100,169.355,178.89,168,177.8,156.17546596752027,150.84994683247797,,0,0,0,,,0
1577677500,178.2,189.29,176.495,187.77,162.4943727740162,156.31995746598236,,0,0,0,,,0
1577850300,189.21,193.9,182.535,185.13,167.98149821921297,162.8979659727859,,0,0,0,,,0
1578282300,185.13,185.13,175.02,183.25,167.98149821921297,162.8979659727859,,0,0,0,,,0
1578541500,187.65,192.505,185.53,189.93,167.98149821921297,162.8979659727859,,0,0,0,,,0
1578973500,191.26,197.67,188.11,193.8,175.11419857537038,168.57037277822872,,0,0,0,,,0
1579232700,195.495,202.21,191.295,199.48,175.11419857537038,168.57037277822872,,0,0,0,,,0
1579664700,201.995,207.28501,198.52,203.645,175.11419857537038,168.57037277822872,,0,0,0,,,0
1580096700,219,221.9,203,205.825,179.8483588602963,178.65629822258296,,0,0,0,,,0
1580355900,207.56001,207.56001,195.005,197.225,179.8483588602963,178.65629822258296,,0,0,0,,,0
1580701500,198.86,201.5,189.82,198.785,179.8483588602963,178.65629822258296,,0,0,0,,,0
1580960700,199.99,213,199.5,207.46499,184.21068708823702,182.92303857806638,,0,0,0,,,0
1581392700,210,211.4,200.6,202.095,184.21068708823702,182.92303857806638,,0,0,0,,,0
1581651900,203.005,203.46,197.27,201.66,184.21068708823702,182.92303857806638,,0,0,0,,,0
1582083900,202,216.555,202,203.26,185.5185496705896,186.7384308624531,,0,0,0,,,0
1582602300,204.98999,208.4,192.5,198.015,185.5185496705896,186.7384308624531,,0,0,0,,,0
1582861500,194.405,200.595,178.505,190.75,185.5185496705896,186.7384308624531,,0,0,0,,,0
1583293500,192.42,194,177.5,187.22,175.23883973647168,187.87474468996248,,0,0,0,,,0
1583725500,182.6,185.86,142.6,152.905,175.23883973647168,187.87474468996248,,0,0,0,,,0
1584071100,142.5,180.43,122.325,134.12,175.23883973647168,187.87474468996248,,0,0,0,,,0
1584503100,133.93,138.99,103,130.845,164.67807178917732,177.08579575197,,0,0,0,,,0
1584935100,115,124,104.68,119.94,164.67807178917732,177.08579575197,,0,0,0,,,0
1585194300,121.325,142.73,116.205,122.435,164.67807178917732,177.08579575197,,0,0,0,,,0
1585626300,124.425,126.395,118.8,119.74,155.20845743134186,166.553636601576,,0,0,0,,,0
1586231100,122,137.9,121.505,133.59,155.20845743134186,166.553636601576,,0,0,0,,,0
1586749500,134.9,134.9,116.6,117.33,155.20845743134186,166.553636601576,,0,0,0,,,0
1587095100,121.2,128,116,116.39,149.3857659450735,157.4829092812608,,0,0,0,,,0
1587527100,116.4,132.4,115.005,129.69,149.3857659450735,157.4829092812608,,0,0,0,,,0
1587959100,129.6,133.295,122.26,126.095,149.3857659450735,157.4829092812608,,0,0,0,,,0
1588218300,128,151,126.72,128.955,144.4496127560588,151.58632742500862,,0,0,0,,,0
1588736700,129.99,129.99,121.7,123.86,144.4496127560588,151.58632742500862,,0,0,0,,,0
1589168700,124.5,126.995,115.555,124.705,144.4496127560588,151.58632742500862,,0,0,0,,,0
1589427900,123,125.71,121.11,121.955,143.10569020484704,145.8690619400069,,0,0,0,,,0
1589859900,124.8,140.66,122.27,138.26,143.10569020484704,145.8690619400069,,0,0,0,,,0
1590119100,136.875,143.355,136.03,137.73,143.10569020484704,145.8690619400069,,0,0,0,,,0
1590637500,139.7,163.5,135.53,155.535,148.18755216387763,144.63524955200552,,0,0,0,,,0
1591069500,156.535,161.49,152.1,156.315,148.18755216387763,144.63524955200552,159.06765000000001,1,0,0,,,0
1591328700,159,172,158.5,168.515,148.18755216387763,144.63524955200552,,0,0,0,,,0
1591760700,167,171.1,152.475,159.92,150.4960417311021,149.10819964160441,,0,0,0,,,0
1592192700,160.6,163.785,155.615,159.56,150.4960417311021,149.10819964160441,,0,0,0,,,0
1592451900,159.38,163.455,156.5,159.73,150.4960417311021,149.10819964160441,,0,0,0,,,0
1592883900,160.46,167.49,157.005,159.645,156.09183338488168,151.37855971328355,,0,0,0,,,0
1593143100,160.845,169.5,152.51,155.29,156.09183338488168,151.37855971328355,,0,0,0,,,0
1593575100,156.685,181.995,155.505,178.475,156.09183338488168,151.37855971328355,,0,0,0,,,0
1594007100,178.01,182.795,168.5,171.42,158.89346670790536,156.70484777062683,,0,0,0,,,0
1594266300,171.9,179.45,169.11,177.665,158.89346670790536,156.70484777062683,,0,0,0,,,0
1594698300,177.4,178,167.5,170.1,158.89346670790536,156.70484777062683,,0,0,0,,,0
1594957500,171.9,187.88,168.52,180.59,163.97377336632428,159.74387821650146,,0,0,0,,,0
1595389500,180.7,187.335,180.7,184.535,163.97377336632428,159.74387821650146,,0,0,0,,,0
1595821500,185.46,192.5,182.5,184.295,163.97377336632428,159.74387821650146,,0,0,0,,,0
1596080700,184.3,189.99,180.01,188.75,173.24602069305942,164.65510257320116,,0,0,0,,,0
1596512700,188.7,214.71499,188.7,213.575,173.24602069305942,164.65510257320116,,0,0,0,,,0
1596771900,213.98999,219.88,206.98501,210.33501,173.24602069305942,164.65510257320116,,0,0,0,,,0
1597203900,209.01001,224.98999,205.2,218.68,186.57481455444753,173.5260840585609,,0,0,0,,,0
1597635900,220.63999,232.15,220.63999,226.045,186.57481455444753,173.5260840585609,,0,0,0,,,0
1597895100,224.6,243.195,222.51001,239.88999,186.57481455444753,173.5260840585609,,0,0,0,,,0
1598327100,239.88999,250,239.88999,244.9,197.16685364355803,186.79886524684872,,0,0,0,,,0
1598586300,244.045,247.895,233.6,239.93,197.16685364355803,186.79886524684872,,0,0,0,,,0
1599018300,242,246.46499,232.605,239.53501,197.16685364355803,186.79886524684872,,0,0,0,,,0
1599450300,239.93,248.73999,237,241.755,212.04548491484644,197.425092197479,,0,0,0,,,0
1599709500,244,279.98999,241.005,267.525,212.04548491484644,197.425092197479,,0,0,0,,,0
1600141500,272.395,284,270.5,271.56001,212.04548491484644,197.425092197479,,0,0,0,,,0
1600400700,274.025,277.55,252.51001,255.08501,227.97438593187718,212.74507375798322,,0,0,0,,,0
1600832700,251.68501,269.78,250.51001,267.83501,227.97438593187718,212.74507375798322,,0,0,0,,,0
1601264700,274.995,293.795,268.2,291.68999,227.97438593187718,212.74507375798322,,0,0,0,,,0
1601523900,294.5,304.8,281.105,284.73,237.28850874550176,229.09605900638658,,0,0,0,,,0
1602042300,286.175,291.8,280.505,284.03999,237.28850874550176,229.09605900638658,,0,0,0,,,0
1602474300,286.505,287.5,271.98,274.545,237.28850874550176,229.09605900638658,,0,0,0,,,0
1602733500,275.645,279.9,266.5,272.275,251.35680699640142,238.40584720510924,,0,0,0,,,0
1603165500,273.625,298.655,273.005,296.225,251.35680699640142,238.40584720510924,,0,0,0,,,0
1603424700,295.3,316.895,293.5,307.63,251.35680699640142,238.40584720510924,,0,0,0,,,0
1603856700,307.63,321.495,302.355,314.43,266.60644559712114,252.2506777640874,,0,0,0,,,0
1604288700,311.2,324,305.95,323.105,266.60644559712114,252.2506777640874,,0,0,0,,,0
1604547900,324.9,329.005,320.205,327.605,266.60644559712114,252.2506777640874,,0,0,0,,,0
1604979900,327.5,329,319.905,323.12,277.5951564776969,267.30054221126994,,0,0,0,,,0
1605239100,323.5,334.8,321.41499,330.95,277.5951564776969,267.30054221126994,,0,0,0,,,0
1605671100,332.195,332.195,318.695,321.55,277.5951564776969,267.30054221126994,,0,0,0,,,0
1606103100,323.8,327.5,319.71001,322.045,296.24812718215753,278.6004337690159,,0,0,0,,,0
1606362300,323,349.8,315.505,344.68501,296.24812718215753,278.6004337690159,,0,0,0,,,0
1606880700,344.68501,379.03999,344.68501,370.86001,296.24812718215753,278.6004337690159,,0,0,0,,,0
1607312700,385,391.9,367.48501,380.13501,316.118502745726,299.88034701521275,,0,0,0,,,0
1607571900,380.13501,384.5,365.4,381.48,316.118502745726,299.88034701521275,,0,0,0,,,0
1608003900,389,401.25,386.975005,395.600005,316.118502745726,299.88034701521275,,0,0,0,,,0
1608263100,394.024995,394.024995,325.125,372.149995,341.1948021965808,318.7092766121702,,0,0,0,,,0
1608695100,372.5,407.20001,371.54999,404.399995,341.1948021965808,318.7092766121702,,0,0,0,,,0
1609213500,410,447,402.95001,441.5,341.1948021965808,318.7092766121702,,0,0,0,,,0
1609472700,442.399995,448.5,420.75,439.725005,367.9808417572646,343.44742028973616,,0,0,0,,,0
1609904700,444.475005,483.95001,439.75,481.04999,367.9808417572646,343.44742028973616,,0,0,0,,,0
1610336700,486.95001,493.95001,465.04999,475.125,367.9808417572646,343.44742028973616,,0,0,0,,,0
1610595900,472.54999,488.5,462.04999,463,388.3396724058117,369.2679342317889,,0,0,0,,,0
1611027900,467.524995,484.25,455.04999,481.774995,388.3396724058117,369.2679342317889,,0,0,0,,,0
1611287100,485,487,450.54999,469.774995,388.3396724058117,369.2679342317889,,0,0,0,,,0
1611805500,469.82501,478.5,445.04999,465.975005,405.46173992464935,389.3793493854311,,0,0,0,,,0
1612237500,467.5,477.5,462.5,464.375,405.46173992464935,389.3793493854311,,0,0,0,,,0
1612496700,466,487.45001,460.04999,473.95001,405.46173992464935,389.3793493854311,,0,0,0,,,0
1612928700,474,479.95001,460.350005,473.774995,419.0693919397195,406.3034795083449,,0,0,0,,,0
1613360700,476.25,499.45001,476.25,488.07501,419.0693919397195,406.3034795083449,,0,0,0,,,0
1613619900,492.45001,498,470.54999,473.5,419.0693919397195,406.3034795083449,,0,0,0,,,0
1614051900,475.54999,536.95,470.04999,531.375,469.3355135517756,420.15278160667583,,0,0,0,,,0
1614311100,522.5,583.5,512.525,578.7,469.3355135517756,420.15278160667583,,0,0,0,,,0
1614743100,582.5,680,582,670.4,469.3355135517756,420.15278160667583,,0,0,0,,,0
1615175100,670.4,697.45,640.175,667.775,500.9284108414205,470.20222528534066,,0,0,0,,,0
1615520700,669,669.025,525.05,553.775,500.9284108414205,470.20222528534066,,0,0,0,,,0
1615952700,550.7,637,548.5,627.3,500.9284108414205,470.20222528534066,,0,0,0,,,0
1616384700,627.3,673,616.525,645.6,524.2977286731364,501.6217802282725,,0,0,0,,,0
1616643900,645.6,705,611,697.05,524.2977286731364,501.6217802282725,,0,0,0,,,0
1617162300,700,724,615,617.775,524.2977286731364,501.6217802282725,,0,0,0,,,0
1617680700,618.975,641.625,602.775,634.55,537.9431829385092,525.0924241826181,,0,0,0,,,0
1617939900,635.5,656.675,603.775,611.975,537.9431829385092,525.0924241826181,,0,0,0,,,0
1618458300,606.375,632.5,585,592.525,537.9431829385092,525.0924241826181,,0,0,0,,,0
1618890300,608.475,644.95,598.75,638.275,565.9545463508073,541.7689393460944,,0,0,0,,,0
1619408700,644.5,668.95,626.525,660.575,565.9545463508073,541.7689393460944,,0,0,0,,,0
1619667900,664.5,686.1,648,678,565.9545463508073,541.7689393460944,,0,0,0,,,0
1620099900,685,692.5,640.05,653.075,578.3036370806458,570.4151514768755,,0,0,0,,,0
1620359100,650.55,654.875,617.375,624.7,578.3036370806458,570.4151514768755,,0,0,0,,,0
1620791100,625,640.075,588.85,627.7,578.3036370806458,570.4151514768755,,0,0,0,,,0
1621309500,643.025,650,611.5,633.375,592.4279096645166,584.9371211815004,,0,0,0,,,0
1621568700,633.5,642.5,620,635.825,592.4279096645166,584.9371211815004,,0,0,0,,,0
1622000700,642.475,685.475,613.925,648.925,592.4279096645166,584.9371211815004,,0,0,0,,,0
1622432700,650,662.85,630,635.95,616.4923277316133,597.9496969452003,,0,0,0,,,0
1622691900,642.5,709,642.5,674.125,616.4923277316133,597.9496969452003,,0,0,0,,,0
1623123900,680,729,668.95,712.75,616.4923277316133,597.9496969452003,,0,0,0,,,0
1623383100,717.5,759,702.5,749.3,652.0438621852907,621.8597575561603,,0,0,0,,,0
1623815100,760.85,799.5,735.05,774.95,652.0438621852907,621.8597575561603,,0,0,0,,,0
1624247100,762.5,822.35,755,794.25,652.0438621852907,621.8597575561603,,0,0,0,,,0
1624506300,794.25,817.5,794.25,801.675,681.3900897482325,656.3378060449282,,0,0,0,,,0
1624938300,804.25,839,777.475,821.3,681.3900897482325,656.3378060449282,,0,0,0,,,0
1625197500,830,832.6,791.75,798.775,681.3900897482325,656.3378060449282,,0,0,0,,,0
1625629500,798.675,812.5,767.5,771.85,698.242071798586,684.8052448359425,,0,0,0,,,0
1626061500,778.625,780.925,718.075,723.825,698.242071798586,684.8052448359425,,0,0,0,,,0
1626320700,725,799.5,725,765.65,698.242071798586,684.8052448359425,,0,0,0,,,0
1626752700,755.5,832.5,737.5,811.25,735.9386574388689,698.944195868754,,0,0,0,,,0
1627271100,811.05,924.925,794.5,895.425,735.9386574388689,698.944195868754,,0,0,0,,,0
1627530300,901,905.2,866.75,886.725,735.9386574388689,698.944195868754,,0,0,0,,,0
1627962300,894.5,912.475,840,854.125,749.4709259510951,738.0553566950032,,0,0,0,,,0
1628221500,858.5,899.45,825,838.65,749.4709259510951,738.0553566950032,,0,0,0,,,0
1628653500,851.5,859.45,800.05,803.6,749.4709259510951,738.0553566950032,,0,0,0,,,0
1629085500,805.55,837.45,790,811.925,764.171740760876,751.5542853560025,,0,0,0,,,0
1629431100,810.45,816.125,741.425,757.775,764.171740760876,751.5542853560025,,0,0,0,,,0
1629863100,765,834,762.3,822.975,764.171740760876,751.5542853560025,,0,0,0,,,0
1630295100,828.45,848.725,813.875,838.375,799.2873926087008,766.933428284802,,0,0,0,,,0
1630554300,843,857.55,838.5,851.525,799.2873926087008,766.933428284802,,0,0,0,,,0
1630986300,866,950.5,860.05,939.75,799.2873926087008,766.933428284802,,0,0,0,,,0
1631504700,948,954.25,916.925,929.55,822.1799140869607,803.1467426278416,,0,0,0,,,0
1631763900,924.75,1044.7,915,918.54999,822.1799140869607,803.1467426278416,,0,0,0,,,0
1632195900,924,924,869.09998,913.75,822.1799140869607,803.1467426278416,,0,0,0,,,0
1632455100,924.95001,925,841,847.84998,826.8439312695685,827.5073961022732,,0,0,0,,,0
1632887100,845,869,804.09998,848.84998,826.8439312695685,827.5073961022732,,0,0,0,,,0
1633319100,859,891.90002,840.09998,845.5,826.8439312695685,827.5073961022732,,0,0,0,,,0
1633578300,849.90002,884,826.84998,878.25,831.9851430156548,831.9859208818186,,0,0,0,,,0
1634010300,883,885,843.40002,850.65002,831.9851430156548,831.9859208818186,,0,0,0,,,0
1634528700,835,895,833.20001,852.54999,831.9851430156548,831.9859208818186,,0,0,0,,,0
1634787900,858.5,863.45001,750.09998,760.54999,834.3581104125238,837.2887367054549,,0,0,0,,,0
1635219900,761.90002,823.79999,761.20001,805.29999,834.3581104125238,837.2887367054549,,0,0,0,,,0
1635479100,804.09998,849.70001,762,843.84998,834.3581104125238,837.2887367054549,,0,0,0,,,0
1635911100,849.79999,876.20001,833.84998,873.84998,850.1164923300191,839.7909873643639,,0,0,0,,,0
1636429500,892.5,920,874.95001,901.79999,850.1164923300191,839.7909873643639,906.1999999999999,1,0,0,,,0
1636688700,890,927.40002,882.40002,913.15002,850.1164923300191,839.7909873643639,,0,0,0,,,0
1637120700,912,939.95001,882.15002,895.29999,864.8931938640153,854.2327898914912,,0,0,0,,,0
1637639100,888,934.09998,871.20001,916.90002,864.8931938640153,854.2327898914912,,0,0,0,,,0
1637898300,912,938.65002,822.65002,924,864.8931938640153,854.2327898914912,,0,0,0,,,0
1638330300,924,957,913,925.34998,894.2745550912123,868.186231913193,,0,0,0,,,0
1638762300,928,939.90002,900,919.20001,894.2745550912123,868.186231913193,,0,0,0,,,0
1639021500,924.5,1034.8,921.34998,1011.8,894.2745550912123,868.186231913193,,0,0,0,,,0
1639453500,1018.4,1114.55,1012.2,1071.25,917.1196440729698,898.2289855305544,,0,0,0,,,0
1639712700,1088,1102.5,946.54999,1054.85,917.1196440729698,898.2289855305544,,0,0,0,,,0
1640144700,1062,1077,1005.1,1008.5,917.1196440729698,898.2289855305544,,0,0,0,,,0
1640576700,1013.4,1015,980,996.75,933.655713258376,921.2631884244435,,0,0,0,,,0
1640835900,999,1009,982.59998,999.79999,933.655713258376,921.2631884244435,,0,0,0,,,0
1641181500,980,990,933.59998,949.65002,931.9645726067007,933.0105507395547,,0,0,0,,,0
1641440700,948.95001,952.25,900.29999,913.70001,931.9645726067007,933.0105507395547,,0,0,0,,,0
1641872700,919,937.75,888.95001,925.20001,931.9645726067007,933.0105507395547,,0,0,0,,,0
1642131900,930,978,919.84998,959.95001,909.5316560853605,932.4084405916437,,0,0,0,,,0
1642563900,959,988.29999,941.54999,959.45001,909.5316560853605,932.4084405916437,,0,0,0,,,0
1642995900,940.5,964.15002,800.25,819.79999,909.5316560853605,932.4084405916437,,0,0,0,,,0
1643341500,819,887,800.29999,872.09998,906.3753248682884,909.726752473315,,0,0,0,,,0
1643773500,890,929,875.79999,909.09998,906.3753248682884,909.726752473315,,0,0,0,,,0
1644205500,908.29999,914.15002,873,893.75,906.3753248682884,909.726752473315,,0,0,0,,,0
1644464700,894,903.70001,813,825,887.9002598946306,906.5814019786519,,0,0,0,,,0
1644896700,830.5,854.04999,784,833.20001,887.9002598946306,906.5814019786519,,0,0,0,,,0
1645155900,829,837,790,814,887.9002598946306,906.5814019786519,,0,0,0,,,0
1645587900,819,845.59998,770.90002,835.54999,876.2902039157045,889.0651215829215,,0,0,0,,,0
1646019900,823,874.79999,803.79999,859.79999,876.2902039157045,889.0651215829215,,0,0,0,,,0
1646365500,859,874,815,829.84998,876.2902039157045,889.0651215829215,,0,0,0,,,0
1646797500,836.25,905,825.40002,900.09998,888.6421611325637,878.5020972663373,,0,0,0,,,0
1647229500,908.65002,948.79999,878.20001,937.09998,888.6421611325637,878.5020972663373,934.56799015,1,0,0,,,0
1647488700,949.79999,967.95001,896.95001,938.04999,888.6421611325637,878.5020972663373,,0,0,0,,,0
1648007100,946.45001,952.20001,895,900.20001,899.573726906051,892.0916798130698,,0,0,0,,,0
1648439100,896,934.90002,888.79999,928.15002,899.573726906051,892.0916798130698,,0,0,0,,,0
1648698300,928,955.25,910,943.29999,899.573726906051,892.0916798130698,,0,0,0,,,0
1649130300,949.79999,1024.9,946.29999,977.95001,927.9689815248408,903.6333418504558,,0,0,0,,,0
1649389500,985,1072,958,1045.45,927.9689815248408,903.6333418504558,,0,0,0,,,0
1649821500,1055,1077.7,1016,1041.55,927.9689815248408,903.6333418504558,,0,0,0,,,0
1650426300,1048,1100,1030.55,1073.3,948.1751852198726,932.5066734803647,,0,0,0,,,0
1650858300,1064.7,1070,1004,1022.7,948.1751852198726,932.5066734803647,,0,0,0,,,0
1651117500,1034.4,1059.2,1000,1029,948.1751852198726,932.5066734803647,,0,0,0,,,0
1651635900,1029,1029,945.5,949.95001,936.2701521758979,951.8053387842917,,0,0,0,,,0
1652067900,925,930,817.40002,852.40002,936.2701521758979,951.8053387842917,,0,0,0,,,0
1652327100,825.20001,904,801,888.65002,936.2701521758979,951.8053387842917,,0,0,0,,,0
1652759100,905,931.25,874,903.15002,922.8361177407184,942.4442710274334,,0,0,0,,,0
1653018300,920,938,871,907.5,922.8361177407184,942.4442710274334,,0,0,0,,,0
1653450300,913,924.65002,851.54999,869.09998,922.8361177407184,942.4442710274334,,0,0,0,,,0
1653882300,885,990,874.34998,985.29999,931.1988981925748,930.9554168219468,,0,0,0,,,0
1654141500,983.90002,1008,965.54999,971.90002,931.1988981925748,930.9554168219468,992.88,1,0,0,,,0
1654573500,972,984.5,947.90002,964.65002,931.1988981925748,930.9554168219468,,0,0,0,,,0
1654832700,955,975,869.20001,875.45001,915.2591185540598,935.7643334575574,,0,0,0,,,0
1655264700,880.34998,946,852,857.09998,915.2591185540598,935.7643334575574,,0,0,0,,,0
1655696700,855,879.84998,831.40002,851.5,915.2591185540598,935.7643334575574,,0,0,0,,,0
1655955900,855.79999,895.54999,850,858.65002,900.717292843248,919.7714647660459,,0,0,0,,,0
1656387900,859,884.95001,816.5,849.95001,900.717292843248,919.7714647660459,,0,0,0,,,0
1656647100,843.90002,862,831,842.54999,900.717292843248,919.7714647660459,,0,0,0,,,0
1657079100,848.29999,894,840.25,874.34998,896.9838322745984,905.4771698128367,,0,0,0,,,0
1657511100,874.34998,895,856.40002,869.59998,896.9838322745984,905.4771698128367,,0,0,0,,,0
1657770300,873.90002,886,850.04999,882.04999,896.9838322745984,905.4771698128367,,0,0,0,,,0
1658202300,884.59998,938.20001,878.45001,923.34998,908.7370658196787,901.3017318502694,,0,0,0,,,0
1658461500,928.95001,937.04999,896,900.84998,908.7370658196787,901.3017318502694,910.42,0,0,0,,,0
1658893500,900.84998,966.75,881,955.75,908.7370658196787,901.3017318502694,,0,0,0,,,0
1659325500,970,1000,966,979.79999,950.9796526557429,915.0413854802155,,0,0,0,,,0
1659584700,986,1075,980,1022.55,950.9796526557429,915.0413854802155,,0,0,0,,,0
1660103100,1032.6,1128.4,1028.9,1119.95,950.9796526557429,915.0413854802155,,0,0,0,,,0
1660621500,1112,1146.95,1040.5,1045.1,956.0137261245943,954.4331083841723,,0,0,0,,,0
1660880700,1047.6,1094.35,1038,1051.2,956.0137261245943,954.4331083841723,,0,0,0,,,0
1661312700,1054.4,1068,972.09998,976.15002,956.0137261245943,954.4331083841723,,0,0,0,,,0
1661744700,957.90002,1036,941,1028.05,968.3009808996754,955.1264907073379,,0,0,0,,,0
1662090300,1037.85,1083.45,1015,1057.1,968.3009808996754,955.1264907073379,,0,0,0,,,0
1662522300,1054,1057.4,1007.05,1017.45,968.3009808996754,955.1264907073379,,0,0,0,,,0
1662954300,1021,1064,997.70001,1056.25,988.3807847197404,968.3011925658702,,0,0,0,,,0
1663213500,1057.2,1113,1045,1087.25,988.3807847197404,968.3011925658702,,0,0,0,,,0
1663645500,1097,1102.35,1050,1068.7,988.3807847197404,968.3011925658702,,0,0,0,,,0
1663904700,1069.9,1101.1,1012,1038.8,1018.1646277757924,988.6209540526961,,0,0,0,,,0
1664336700,1030,1064,1006.55,1038.05,1018.1646277757924,988.6209540526961,,0,0,0,,,0
1664768700,1086,1177,1046.6,1137.3,1018.1646277757924,988.6209540526961,,0,0,0,,,0
1665114300,1140.3,1157.5,1080,1091.55,1037.651702220634,1018.956763242157,,0,0,0,,,0
1665546300,1097,1143.9,1083.95,1120.75,1037.651702220634,1018.956763242157,,0,0,0,,,0
1665978300,1117.1,1143.75,1101.9,1115.6,1037.651702220634,1018.956763242157,,0,0,0,,,0
1666237500,1116.6,1116.6,1057.2,1099.65,1047.8813617765072,1038.4854105937254,,0,0,0,,,0
1666669500,1103,1105.1,1065.05,1078.05,1047.8813617765072,1038.4854105937254,,0,0,0,,,0
1667187900,1082,1100,1066.05,1088.8,1047.8813617765072,1038.4854105937254,,0,0,0,,,0
1667447100,1084.9,1121,1078.5,1098.3,1056.0350894212056,1047.7683284749805,,0,0,0,,,0
1667965500,1106.4,1130,987.95001,1050.35,1056.0350894212056,1047.7683284749805,,0,0,0,,,0
1668397500,1055.65,1093.7,1051.25,1088.65,1056.0350894212056,1047.7683284749805,,0,0,0,,,0
1668656700,1084,1110,1075.25,1101.3,1059.7180715369645,1055.0146627799845,,0,0,0,,,0
1669088700,1106.8,1144.8,1091.2,1097.7,1059.7180715369645,1055.0146627799845,,0,0,0,,,0
1669347900,1100,1100,1064,1074.45,1059.7180715369645,1055.0146627799845,,0,0,0,,,0
1669779900,1076.95,1193,1075,1185.5,1076.4644572295715,1059.4017302239877,,0,0,0,,,0
1670211900,1189,1193,1111.1,1141.45,1076.4644572295715,1059.4017302239877,,0,0,0,,,0
1670471100,1144.15,1174,1135.1,1143.45,1076.4644572295715,1059.4017302239877,,0,0,0,,,0
1670903100,1151,1179,1140.1,1155.5,1068.8315657836572,1077.7213841791902,,0,0,0,,,0
1671162300,1150.95,1159.7,1104,1139.45,1068.8315657836572,1077.7213841791902,,0,0,0,,,0
1671594300,1148,1152.45,1018.65,1038.3,1068.8315657836572,1077.7213841791902,,0,0,0,,,0
1672026300,1028,1084,1023.15,1056.6,1073.4652526269258,1067.777107343352,,0,0,0,,,0
1672285500,1058.25,1142,1055.95,1092,1073.4652526269258,1067.777107343352,1124.87,1,0,0,,,0
1672631100,1093,1140,1080,1135.2,1084.4222021015407,1072.8216858746816,,0,0,0,,,0
1672890300,1135,1150,1100.25,1112.85,1084.4222021015407,1072.8216858746816,,0,0,0,,,0
1673322300,1115,1132.35,1080,1128.25,1084.4222021015407,1072.8216858746816,,0,0,0,,,0
1673581500,1128.4,1148.5,1085,1142.2,1098.3977616812326,1083.9373486997454,,0,0,0,,,0
1674013500,1147.65,1200,1143.4,1196.7,1098.3977616812326,1083.9373486997454,,0,0,0,,,0
1674445500,1199.8,1200,1148.5,1154.3,1098.3977616812326,1083.9373486997454,,0,0,0,,,0
1674791100,1155.8,1187.8,1110,1143.65,1115.548209344986,1098.3098789597964,,0,0,0,,,0
1675223100,1150.05,1200,1125,1173.3,1115.548209344986,1098.3098789597964,,0,0,0,,,0
1675655100,1176,1199,1165,1184.15,1115.548209344986,1098.3098789597964,,0,0,0,,,0
1675914300,1189.6,1219,1180.05,1201.8,1147.4385674759887,1116.567903167837,,0,0,0,,,0
1676346300,1207.8,1329,1200,1321.15,1147.4385674759887,1116.567903167837,,0,0,0,,,0
1676605500,1320,1337.9,1252.35,1275,1147.4385674759887,1116.567903167837,,0,0,0,,,0
1677037500,1275,1289.4,1215.55,1222.7,1167.310853980791,1148.2543225342695,,0,0,0,,,0
1677469500,1227.2,1274.4,1181,1260.45,1167.310853980791,1148.2543225342695,,0,0,0,,,0
1677728700,1256.9,1284,1210.1,1246.8,1167.310853980791,1148.2543225342695,,0,0,0,,,0
1678247100,1245.75,1245.8,1164,1199.15,1175.678683184633,1167.7534580274155,,0,0,0,,,0
1678679100,1199,1230,1175.75,1198.55,1175.678683184633,1167.7534580274155,,0,0,0,,,0
1678938300,1204,1275.1,1171.25,1209.15,1175.678683184633,1167.7534580274155,,0,0,0,,,0
1679370300,1219.7,1249.9,1184.15,1243.85,1176.5129465477064,1178.1427664219323,,0,0,0,,,0
1679629500,1240.2,1253,1185.6,1202.75,1176.5129465477064,1178.1427664219323,,0,0,0,,,0
1680061500,1202.75,1217.75,1177.5,1179.85,1176.5129465477064,1178.1427664219323,,0,0,0,,,0
1680666300,1180,1209.8,1162,1186.95,1187.2403572381652,1178.5142131375458,,0,0,0,,,0
1681184700,1188.95,1205,1180,1189.95,1187.2403572381652,1178.5142131375458,1165.22,0,0,0,,,0
1681703100,1196.9,1248,1168,1230.15,1187.2403572381652,1178.5142131375458,1229.28,1,0,0,,,0
1681962300,1234,1251.75,1211.35,1220.7,1188.1722857905322,1189.6113705100365,,0,0,0,,,0
1682394300,1228.55,1229.95,1196,1201.25,1188.1722857905322,1189.6113705100365,,0,0,0,,,0
1682653500,1210,1220,1189.95,1191.9,1188.1722857905322,1189.6113705100365,,0,0,0,,,0
1683171900,1198.95,1210.3,1179.9,1186.95,1181.147828632426,1191.4790964080291,,0,0,0,,,0
1683603900,1192,1197.45,1172.35,1181.55,1181.147828632426,1191.4790964080291,,0,0,0,,,0
1683863100,1184,1195,1144.35,1153.05,1181.147828632426,1191.4790964080291,,0,0,0,,,0
1684295100,1153.2,1165.7,1086,1092.7,1172.0682629059406,1183.8232771264234,,0,0,0,,,0
1684727100,1095,1158.3,1047,1153.35,1172.0682629059406,1183.8232771264234,,0,0,0,,,0
1684986300,1160,1160,1122.2,1135.75,1172.0682629059406,1183.8232771264234,,0,0,0,,,0
1685418300,1139,1152,1101,1142.85,1183.2046103247526,1174.8586217011386,,0,0,0,,,0
1685677500,1142.75,1175,1124.4,1164.1,1183.2046103247526,1174.8586217011386,1157.375,1,0,0,,,0
1686109500,1164.9,1229,1141,1227.75,1183.2046103247526,1174.8586217011386,,0,0,0,,,0
1686541500,1230,1350,1228.1,1349.2,1224.843688259802,1185.886897360911,,0,0,0,,,0
1686800700,1351.8,1352,1275.05,1325.2,1224.843688259802,1185.886897360911,,0,0,0,,,0
1687232700,1320.7,1398,1304.2,1391.4,1224.843688259802,1185.886897360911,,0,0,0,,,0
1687491900,1390,1394.65,1300.25,1337.8,1245.6949506078417,1226.709517888729,,0,0,0,,,0
1687923900,1347,1364.95,1298,1328.25,1245.6949506078417,1226.709517888729,,0,0,0,,,0
1688442300,1333.2,1340.45,1305,1329.1,1245.6949506078417,1226.709517888729,,0,0,0,,,0
1688701500,1320,1362,1301,1316.8,1275.9659604862734,1245.367614310983,,0,0,0,,,0
1689133500,1323,1360,1306.1,1331.55,1275.9659604862734,1245.367614310983,,0,0,0,,,0
1689565500,1339.95,1409.9,1332.5,1397.05,1275.9659604862734,1245.367614310983,,0,0,0,,,0
1689824700,1406.7,1490,1392.6,1434.8,1338.2027683890187,1277.6340914487864,,0,0,0,,,0
1690256700,1473,1520,1459.55,1505.55,1338.2027683890187,1277.6340914487864,,0,0,0,,,0
1690515900,1508.75,1600,1466,1587.15,1338.2027683890187,1277.6340914487864,,0,0,0,,,0
1690947900,1585.9,1596.65,1510.1,1528.05,1385.6422147112148,1339.2872731590292,,0,0,0,,,0
1691379900,1541.95,1568.85,1444,1527.5,1385.6422147112148,1339.2872731590292,,0,0,0,,,0
1691639100,1538,1586.95,1534.3,1575.4,1385.6422147112148,1339.2872731590292,,0,0,0,,,0
1692157500,1575,1638,1543.1,1549.75,1442.273771768972,1386.4298185272232,,0,0,0,,,0
1692589500,1553.8,1604.45,1509.9,1589.85,1442.273771768972,1386.4298185272232,,0,0,0,,,0
1692848700,1600,1710,1592.5,1668.8,1442.273771768972,1386.4298185272232,,0,0,0,,,0
1693280700,1650,1699.85,1607.25,1675.7,1497.1090174151775,1439.1438548217786,,0,0,0,,,0
1693539900,1690,1800,1663.25,1795.3,1497.1090174151775,1439.1438548217786,,0,0,0,,,0
1693971900,1800,1800,1703,1716.45,1497.1090174151775,1439.1438548217786,,0,0,0,,,0
1694403900,1719.95,1754.9,1590.05,1632.35,1513.337213932142,1495.305083857423,,0,0,0,,,0
1694663100,1647.8,1665.95,1604.3,1611.15,1513.337213932142,1495.305083857423,,0,0,0,,,0
1695181500,1611.95,1619.7,1561.15,1578.25,1513.337213932142,1495.305083857423,,0,0,0,,,0
1695613500,1578.25,1635,1519.1,1629.55,1534.5297711457138,1511.8940670859383,,0,0,0,,,0
1695872700,1635,1679,1607,1640.35,1534.5297711457138,1511.8940670859383,,0,0,0,,,0
1696391100,1650,1657.55,1599,1619.3,1534.5297711457138,1511.8940670859383,,0,0,0,,,0
1696823100,1610,1676.95,1554,1669.35,1567.413816916571,1531.5152536687506,,0,0,0,,,0
1697082300,1675,1748.95,1657.55,1719.6,1567.413816916571,1531.5152536687506,,0,0,0,,,0
1697514300,1721.95,1788.35,1695,1698.95,1567.413816916571,1531.5152536687506,,0,0,0,,,0
1697773500,1703.5,1729,1602.45,1624.55,1565.911053533257,1565.9122029350006,,0,0,0,,,0
1698291900,1607.7,1644.3,1587.45,1603.75,1565.911053533257,1565.9122029350006,,0,0,0,,,0
1698723900,1619,1624,1506.15,1559.9,1565.911053533257,1565.9122029350006,,0,0,0,,,0
1698983100,1578,1599.95,1535.5,1565.35,1585.1888428266057,1568.3297623480005,,0,0,0,,,0
1699415100,1582.35,1666.35,1566.05,1654.55,1585.1888428266057,1568.3297623480005,1641.35475,1,0,0,,,0
1699793100,1667.95,1710,1648.05,1662.3,1585.1888428266057,1568.3297623480005,1684.35,0,0,0,,,0
1700106300,1674,1714.9,1655,1683.75,1598.3710742612845,1589.4638098784003,,0,0,0,,,0
1700538300,1685,1690,1640.15,1683.85,1598.3710742612845,1589.4638098784003,,0,0,0,,,0
1700797500,1696.4,1722.3,1632.95,1651.1,1598.3710742612845,1589.4638098784003,,0,0,0,,,0
1701315900,1665,1774,1609.1,1618.7,1604.8668594090275,1604.5710479027202,,0,0,0,,,0
1701747900,1624.9,1642.9,1579.15,1589.85,1604.8668594090275,1604.5710479027202,,0,0,0,,,0
1702007100,1595,1645,1583.1,1630.85,1604.8668594090275,1604.5710479027202,,0,0,0,,,0
1702439100,1621,1639,1598.15,1615.85,1601.503487527222,1607.8568383221761,,0,0,0,,,0
1702871100,1613,1629.85,1557,1580.7,1601.503487527222,1607.8568383221761,,0,0,0,,,0
1703130300,1565,1605.05,1540.4,1588.05,1601.503487527222,1607.8568383221761,,0,0,0,,,0
1703648700,1590.05,1603.3,1520.15,1536.8,1588.5627900217776,1604.295470657741,,0,0,0,,,0
1704080700,1553.9,1560,1466.65,1470.15,1584.870232017422,1594.2163765261928,,0,0,0,,,0
1704339900,1480,1551,1432.9,1514.2,1584.870232017422,1594.2163765261928,,0,0,0,,,0
1704771900,1523.8,1578.9,1507.85,1570.1,1584.870232017422,1594.2163765261928,,0,0,0,,,0
1705031100,1570,1589,1535,1553.75,1568.2961856139377,1589.3731012209541,,0,0,0,,,0
1705463100,1530,1558,1477.25,1548.45,1568.2961856139377,1589.3731012209541,,0,0,0,,,0
1705722300,1557.8,1566.05,1478,1502,1568.2961856139377,1589.3731012209541,,0,0,0,,,0
1706154300,1496.05,1543.9,1471.4,1499.2,1531.21694849115,1570.7084809767634,,0,0,0,,,0
1706672700,1490,1518.85,1456.6,1478.65,1531.21694849115,1570.7084809767634,,0,0,0,,,0
1707104700,1478.65,1494,1370.65,1382.9,1531.21694849115,1570.7084809767634,,0,0,0,,,0
1707363900,1384.95,1414,1326.75,1351.05,1512.8835587929202,1533.5567847814107,,0,0,0,,,0
1707795900,1351.05,1426.2,1305,1418.6,1512.8835587929202,1533.5567847814107,,0,0,0,,,0
1708055100,1423.65,1444.2,1402.4,1439.55,1512.8835587929202,1533.5567847814107,,0,0,0,,,0
1708487100,1439.8,1470,1415.6,1449.25,1516.6768470343363,1514.8054278251286,,0,0,0,,,0
1708919100,1449.3,1493,1443.05,1462.8,1516.6768470343363,1514.8054278251286,1470.605,1,0,0,,,0
1709178300,1462,1571.4,1446,1531.85,1516.6768470343363,1514.8054278251286,,0,0,0,,,0
1709523900,1539.9,1562.75,1523.6,1555.25,1508.281477627469,1519.824342260103,,0,0,0,,,0
1709783100,1545.05,1606,1545.05,1592.6,1508.281477627469,1519.824342260103,,0,0,0,,,0
1710301500,1589.5,1660,1440,1474.7,1508.281477627469,1519.824342260103,,0,0,0,,,0
1710733500,1472.95,1570.85,1463.7,1502.1,1507.2851821019754,1510.4494738080825,,0,0,0,,,0
1710992700,1514.95,1545.5,1484.45,1490.05,1507.2851821019754,1510.4494738080825,,0,0,0,,,0
1711511100,1490,1516,1455.55,1503.3,1507.2851821019754,1510.4494738080825,,0,0,0,,,0
1712029500,1510,1615,1510,1549.05,1515.3881456815802,1510.359579046466,,0,0,0,,,0
1712288700,1556.8,1622,1545.65,1601.9,1515.3881456815802,1510.359579046466,1597.67,1,0,0,,,0
1712720700,1606.95,1607,1500,1547.8,1515.3881456815802,1510.359579046466,,0,0,0,,,0
1713239100,1539.85,1570,1517.85,1555.65,1523.5405165452642,1516.257663237173,,0,0,0,,,0
1713757500,1570,1590.1,1542.5,1582.35,1523.5405165452642,1516.257663237173,,0,0,0,,,0
1714016700,1582.35,1595.95,1533.35,1556.15,1523.5405165452642,1516.257663237173,,0,0,0,,,0
1714448700,1556.15,1613,1551.6,1587.3,1531.8324132362113,1524.2361305897382,,0,0,0,,,0
1714967100,1580,1611,1535,1562.85,1531.8324132362113,1524.2361305897382,,0,0,0,,,0
1715226300,1570,1580,1439.05,1565,1531.8324132362113,1524.2361305897382,,0,0,0,,,0
1715658300,1555,1644.5,1555,1630.05,1564.315930588969,1530.3889044717905,,0,0,0,,,0
1715917500,1631,1724.4,1631,1717.95,1564.315930588969,1530.3889044717905,,0,0,0,,,0
1716349500,1720.6,1728.95,1680.15,1694.25,1564.315930588969,1530.3889044717905,,0,0,0,,,0
1716781500,1700.5,1705,1590.5,1598.25,1565.8727444711753,1564.4111235774324,,0,0,0,,,0
1717040700,1606.25,1615.95,1463.6,1556.75,1565.8727444711753,1564.4111235774324,,0,0,0,,,0
1717472700,1552.55,1586.9,1403.25,1572.1,1565.8727444711753,1564.4111235774324,,0,0,0,,,0
1717731900,1572.1,1667.5,1561.45,1632.75,1568.6381955769402,1565.9488988619457,,0,0,0,,,0
1718163900,1665,1666,1533.25,1558.8,1568.6381955769402,1565.9488988619457,,0,0,0,,,0
1718682300,1559.4,1594.5,1555.05,1579.7,1568.6381955769402,1565.9488988619457,,0,0,0,,,0
1718941500,1584.5,1679,1581,1624.95,1574.060556461552,1569.6591190895565,,0,0,0,,,0
1719373500,1639.8,1639.8,1520,1555.3,1574.060556461552,1569.6591190895565,,0,0,0,,,0
1719805500,1560.05,1654,1559.95,1595.75,1574.060556461552,1569.6591190895565,,0,0,0,,,0
1720064700,1595.75,1599.6,1545,1550.2,1569.8384451692416,1574.8772952716452,,0,0,0,,,0
1720496700,1556.95,1586.95,1530.9,1552.35,1569.8384451692416,1574.8772952716452,,0,0,0,,,0
1720755900,1553,1568.7,1510,1552.95,1569.8384451692416,1574.8772952716452,,0,0,0,,,0
1721274300,1530.9,1554.2,1461.1,1485.45,1550.2907561353932,1566.0818362173163,,0,0,0,,,0
1721706300,1485.4,1515,1458.25,1460.55,1550.2907561353932,1566.0818362173163,,0,0,0,,,0
1721965500,1460.55,1512,1455.4,1472.1,1550.2907561353932,1566.0818362173163,,0,0,0,,,0
1722397500,1492,1506.8,1458.05,1472.6,1526.8126049083144,1551.265468973853,,0,0,0,,,0
1722829500,1450,1465.5,1401.5,1413.7,1526.8126049083144,1551.265468973853,,0,0,0,,,0
1723088700,1427.8,1458.9,1397,1432.9,1526.8126049083144,1551.265468973853,,0,0,0,,,0
1723520700,1444,1444.2,1398.8,1407.55,1507.0600839266515,1529.8123751790824,,0,0,0,,,0
1724039100,1407,1407.55,1341.95,1358.7,1507.0600839266515,1529.8123751790824,,0,0,0,,,0
1724298300,1366.4,1446.65,1345.55,1428.05,1507.0600839266515,1529.8123751790824,,0,0,0,,,0
1724730300,1435,1507.75,1415.35,1503.25,1486.2680671413211,1510.849900143266,,0,0,0,,,0
1724989500,1502.1,1503.85,1422,1429.1,1486.2680671413211,1510.849900143266,,0,0,0,,,0
1725421500,1423,1475,1394,1403.1,1486.2680671413211,1510.849900143266,,0,0,0,,,0
1725853500,1414,1447,1382.45,1429.3,1474.0044537130568,1491.479920114613,,0,0,0,,,0
1726112700,1431.9,1486.35,1411.15,1452.95,1474.0044537130568,1491.479920114613,,0,0,0,,,0
1726544700,1459.95,1462.4,1423,1424.95,1474.0044537130568,1491.479920114613,,0,0,0,,,0
1726803900,1427,1480,1407.4,1475.3,1500.6235629704454,1478.5839360916902,,0,0,0,,,0
1727235900,1479,1539.45,1478.95,1532.4,1500.6235629704454,1478.5839360916902,1516.35825,1,0,0,,,0
1727667900,1535.85,1652.6,1521.9,1607.1,1500.6235629704454,1478.5839360916902,1627.811,0,0,0,,,0
1728013500,1600,1627.95,1504.2,1544.8,1516.4988503763564,1502.867148873352,,0,0,0,,,0
1728445500,1544.8,1587.55,1526.45,1571.7,1516.4988503763564,1502.867148873352,,0,0,0,,,0
1728877500,1569.85,1598.25,1532.05,1580,1516.4988503763564,1502.867148873352,,0,0,0,,,0
1729136700,1580,1601.5,1530,1539.05,1515.2790803010853,1518.2937190986818,,0,0,0,,,0
1729568700,1539.85,1546.75,1451.1,1491.85,1515.2790803010853,1518.2937190986818,,0,0,0,,,0
1729827900,1495.75,1536.35,1376.7,1510.4,1515.2790803010853,1518.2937190986818,,0,0,0,,,0
1730259900,1465.6,1554.9,1460.4,1541.15,1517.163264240868,1507.7549752789455,,0,0,0,,,0
1730691900,1540.1,1548.9,1499,1541.6,1517.163264240868,1507.7549752789455,1509.298,0,0,0,,,0
1730951100,1556.7,1556.7,1481.75,1524.7,1517.163264240868,1507.7549752789455,,0,0,0,,,0
1731383100,1536,1543,1460,1470.5,1510.1306113926944,1513.4039802231564,,0,0,0,,,0
1731901500,1493.95,1519.2,1425.25,1440.5,1510.1306113926944,1513.4039802231564,,0,0,0,,,0
1732247100,1449,1519,1400,1482,1510.1306113926944,1513.4039802231564,,0,0,0,,,0
1732679100,1482.65,1545,1445.25,1516.4,1531.4244891141557,1507.253184178525,,0,0,0,,,0
1733111100,1505.7,1585.8,1488.05,1580.55,1531.4244891141557,1507.253184178525,1562.013,1,0,0,,,0
1733370300,1582.75,1630,1540.1,1616.6,1531.4244891141557,1507.253184178525,,0,0,0,,,0
1733802300,1623,1645.8,1590.05,1606.65,1536.9395912913246,1530.40254734282,,0,0,0,,,0
1734061500,1608,1611.9,1575,1592.25,1536.9395912913246,1530.40254734282,,0,0,0,,,0
1734493500,1592,1597.25,1552,1559,1536.9395912913246,1530.40254734282,,0,0,0,,,0
1734925500,1567.9,1569.85,1473,1497.2,1543.2016730330597,1537.902037874256,,0,0,0,,,0
1735271100,1509.95,1580,1500.15,1568.25,1543.2016730330597,1537.902037874256,,0,0,0,,,0
1735703100,1560,1624.95,1560,1616.75,1519.3813384264479,1542.3216302994047,,0,0,0,,,0
1736135100,1624,1635.3,1522,1538.6,1519.3813384264479,1542.3216302994047,,0,0,0,,,0
1736394300,1530,1554.35,1415.4,1424.1,1519.3813384264479,1542.3216302994047,,0,0,0,,,0
1736826300,1437.45,1552.15,1430.05,1548.8,1527.7850707411585,1521.3473042395237,,0,0,0,,,0
1737085500,1558,1643.35,1550.65,1584.2,1527.7850707411585,1521.3473042395237,1618.69975,1,0,0,,,0
1737517500,1588,1603.4,1531.55,1561.4,1527.7850707411585,1521.3473042395237,,0,0,0,,,0
1737949500,1527.6,1541.35,1452.05,1521.95,1507.8680565929267,1522.5978433916189,,0,0,0,,,0
1738208700,1529.8,1535.5,1452,1506.2,1507.8680565929267,1522.5978433916189,,0,0,0,,,0
1738554300,1495.55,1495.55,1401.5,1428.2,1507.8680565929267,1522.5978433916189,,0,0,0,,,0
1738813500,1430.5,1449.5,1395.25,1406.6,1471.2744452743414,1504.1782747132952,,0,0,0,,,0
1739245500,1404.9,1415.85,1320,1374.2,1471.2744452743414,1504.1782747132952,,0,0,0,,,0
1739504700,1370.5,1382.5,1272.7,1324.9,1471.2744452743414,1504.1782747132952,,0,0,0,,,0
1739936700,1315,1537.5,1311.1,1489.2,1462.149556219473,1466.3426197706362,,0,0,0,,,0
1740368700,1480,1493.65,1431,1438.3,1462.149556219473,1466.3426197706362,,0,0,0,,,0
1740714300,1427.95,1453.8,1378.5,1425.65,1462.149556219473,1466.3426197706362,,0,0,0,,,0
1741146300,1405,1497,1405,1458.25,1456.2796449755783,1454.074095816509,,0,0,0,,,0
1741578300,1458.25,1474,1387.05,1402.95,1456.2796449755783,1454.074095816509,1429.1340000000005,0,0,0,,,0
1741837500,1404.05,1453,1365,1432.8,1456.2796449755783,1454.074095816509,,0,0,0,,,0
1742355900,1442,1519.4,1440,1511.55,1470.8637159804625,1451.6592766532071,,0,0,0,,,0
1742787900,1512.05,1564.5,1488.35,1498.05,1470.8637159804625,1451.6592766532071,,0,0,0,,,0
1743047100,1495.95,1567.5,1483.65,1529.2,1470.8637159804625,1451.6592766532071,,0,0,0,,,0
1743565500,1530.6,1571.1,1503,1519.15,1490.31097278437,1467.4474213225658,,0,0,0,,,0
1743997500,1500,1500,1399.95,1474.4,1490.31097278437,1467.4474213225658,,0,0,0,,,0
1744343100,1491.4,1576.9,1490.05,1568.1,1490.31097278437,1467.4474213225658,,0,0,0,,,0
1744861500,1568,1647.4,1561.3,1621.6,1516.2087782274962,1487.5579370580526,,0,0,0,,,0
1745379900,1635,1646.9,1580,1616.9,1516.2087782274962,1487.5579370580526,,0,0,0,,,0
1745811900,1610,1639.8,1594.3,1619.8,1516.2087782274962,1487.5579370580526,,0,0,0,,,0
1746157500,1619.8,1637.2,1582.1,1614,1561.987022581997,1514.0063496464422,,0,0,0,,,0
1746589500,1605,1709.9,1604.8,1655.7,1561.987022581997,1514.0063496464422,,0,0,0,,,0
1747021500,1705,1750,1694.1,1745.1,1561.987022581997,1514.0063496464422,,0,0,0,,,0
1747280700,1745.1,1811.6,1733.6,1805.9,1618.2896180655976,1560.225079717154,,0,0,0,,,0
1747712700,1818,1836.5,1785,1829.5,1618.2896180655976,1560.225079717154,,0,0,0,,,0
1747971900,1830.9,1851,1818.1,1843.5,1618.2896180655976,1560.225079717154,,0,0,0,,,0
1748403900,1835.1,1846.3,1787.5,1811.7,1671.231694452478,1615.200063773723,,0,0,0,,,0
1748835900,1810,1900,1782.1,1894.4,1671.231694452478,1615.200063773723,,0,0,0,,,0
1749095100,1900,1936,1875.5,1883,1671.231694452478,1615.200063773723,,0,0,0,,,0
1749527100,1887.9,1921.4,1828,1836.1,1690.9453555619825,1669.7400510189786,,0,0,0,,,0
1749786300,1815,1868.4,1808.6,1833.4,1690.9453555619825,1669.7400510189786,,0,0,0,,,0
1750218300,1826,1839.2,1753,1769.8,1690.9453555619825,1669.7400510189786,,0,0,0,,,0
1750650300,1766.7,1830.9,1763.1,1795.9,1698.5962844495862,1689.132040815183,,0,0,0,,,0
1750909500,1790,1814.3,1728.2,1739.1,1698.5962844495862,1689.132040815183,,0,0,0,,,0
1751341500,1738.6,1793.9,1718.1,1729.2,1698.5962844495862,1689.132040815183,,0,0,0,,,0
1751600700,1730.7,1745.9,1703.6,1741.4,1701.8370275596687,1697.4456326521463,,0,0,0,,,0
1752032700,1742.5,1749.5,1690.1,1701.8,1701.8370275596687,1697.4456326521463,,0,0,0,,,0
1752464700,1703,1726,1678.1,1714.8,1701.8370275596687,1697.4456326521463,,0,0,0,,,0
1752723900,1716,1723.1,1655.2,1692.5,1664.4496220477351,1701.156506121717,,0,0,0,,,0
1753155900,1695,1703,1652,1686.4,1664.4496220477351,1701.156506121717,,0,0,0,,,0
1753415100,1680.4,1680.4,1492,1514.9,1664.4496220477351,1701.156506121717,,0,0,0,,,0
1753847100,1515.5,1626.9,1512.9,1594.1,1649.1396976381882,1664.0252048973737,,0,0,0,,,0
1754279100,1590,1633.1,1561,1569.1,1649.1396976381882,1664.0252048973737,,0,0,0,,,0
1754538300,1555,1607.5,1549,1587.9,1649.1396976381882,1664.0252048973737,,0,0,0,,,0
1754970300,1589.4,1615.3,1565.5,1608.5,1648.3517581105505,1649.100163917899,,0,0,0,,,0
1755488700,1608.5,1642.6,1600.5,1628.3,1648.3517581105505,1649.100163917899,,0,0,0,,,0
1755747900,1640,1669,1622.3,1645.2,1648.3517581105505,1649.100163917899,,0,0,0,,,0
1756179900,1645.2,1650,1578,1604.7,1656.9414064884404,1648.3201311343194,,0,0,0,,,0
1756698300,1595.1,1679.3,1592.6,1674.8,1656.9414064884404,1648.3201311343194,1654.1105,1,0,0,,,0
1756957500,1675.1,1694.4,1648.3,1691.3,1656.9414064884404,1648.3201311343194,,0,0,0,,,0
1757389500,1686.1,1710.5,1673,1681.7,1663.7731251907524,1655.8761049074553,,0,0,0,,,0
1757648700,1681.9,1717.9,1671.9,1697.6,1663.7731251907524,1655.8761049074553,,0,0,0,,,0
1758080700,1701,1705,1668.2,1691.1,1663.7731251907524,1655.8761049074553,,0,0,0,,,0
1758512700,1683,1697.5,1665.2,1676.2,1678.6585001526018,1661.3008839259644,,0,0,0,,,0
1758771900,1676.2,1708,1653.3,1696,1678.6585001526018,1661.3008839259644,,0,0,0,,,0
1759203900,1705,1752.5,1679.3,1738.2,1678.6585001526018,1661.3008839259644,,0,0,0,,,0
1759722300,1740,1759.6,1717,1724.9,1688.5268001220816,1677.0407071407717,,0,0,0,,,0
1759981500,1720,1752.5,1715.9,1742.2,1688.5268001220816,1677.0407071407717,,0,0,0,,,0
1760413500,1745.1,1751.1,1703.4,1728,1688.5268001220816,1677.0407071407717,,0,0,0,,,0
1760672700,1726,1767.5,1711.5,1752.1,1707.7414400976654,1686.8325657126175,,0,0,0,,,0
1761191100,1760,1781.1,1741.3,1767,1707.7414400976654,1686.8325657126175,,0,0,0,,,0
1761623100,1766.8,1825,1753.1,1784.6,1707.7414400976654,1686.8325657126175,,0,0,0,,,0
1761882300,1785.7,1820,1758.7,1779.2,1719.2731520781322,1706.606052570094,,0,0,0,,,0
1762400700,1789.1,1811,1777.6,1799.1,1719.2731520781322,1706.606052570094,,0,0,0,,,0
1762832700,1799.1,1806.9,1760.8,1765.4,1719.2731520781322,1706.606052570094,,0,0,0,,,0
1763091900,1769,1787.6,1737,1763.8,1721.9785216625055,1719.0848420560753,,0,0,0,,,0
1763523900,1754,1770.6,1703,1727.8,1721.9785216625055,1719.0848420560753,,0,0,0,,,0
1763955900,1732.7,1736.4,1690,1732.8,1721.9785216625055,1719.0848420560753,,0,0,0,,,0
1764215100,1739,1743,1709.3,1734.3,1725.7428173300043,1723.0678736448601,,0,0,0,,,0
1764647100,1725,1776,1712,1772.9,1725.7428173300043,1723.0678736448601,,0,0,0,,,0
1764906300,1773,1781.3,1717.2,1740.8,1725.7428173300043,1723.0678736448601,,0,0,0,,,0
1765338300,1746.7,1764.7,1710.6,1737.9,1753.2542538640034,1727.794298915888,,0,0,0,,,0
1765770300,1745.2,1776.8,1720,1764.5,1753.2542538640034,1727.794298915888,,0,0,0,,,0
1766029500,1764.5,1875,1753.4,1863.3,1753.2542538640034,1727.794298915888,,0,0,0,,,0
1766461500,1863.3,1891,1850.9,1886.1,1785.403403091203,1754.8954391327104,,0,0,0,,,0
1766979900,1895.5,1920.9,1870.3,1914,1785.403403091203,1754.8954391327104,,0,0,0,,,0
1767239100,1925.6,1993.7,1904.7,1966.2,1809.3627224729626,1789.0363513061682,,0,0,0,,,0
1767671100,1975,1984.8,1911,1913.9,1809.3627224729626,1789.0363513061682,,0,0,0,,,0
1767930300,1904.3,1920,1847,1905.2,1809.3627224729626,1789.0363513061682,,0,0,0,,,0
1768362300,1905,1963,1900.1,1919.7,1865.69017797837,1812.2290810449347,,0,0,0,,,0
1768880700,1919.7,1984,1857.2,1976,1865.69017797837,1812.2290810449347,,0,0,0,,,0
1769139900,2000,2097,1991.6,2091,1865.69017797837,1812.2290810449347,,0,0,0,,,0
1769658300,2095,2151.1,2032.1,2048.9,1939.472142382696,1868.7832648359479,,0,0,0,,,0
1770003900,2064,2195.9,2041.4,2174.2,1939.472142382696,1868.7832648359479,,0,0,0,,,0
1770263100,2181,2244.2,2154.9,2234.6,1939.472142382696,1868.7832648359479,,0,0,0,,,0
1770695100,2249,2301.4,2222.4,2272.9,1989.0777139061568,1944.8266118687584,,0,0,0,,,0
1770954300,2272.4,2272.8,2199,2224.5,1989.0777139061568,1944.8266118687584,,0,0,0,,,0
1771386300,2243.2,2267.7,2177.4,2187.5,1989.0777139061568,1944.8266118687584,,0,0,0,,,0
1771818300,2190.6,2233.4,2170,2230.6,2021.8221711249255,1993.9812894950069,,0,0,0,,,0
1772077500,2241,2252.7,2194.2,2222.3,2021.8221711249255,1993.9812894950069,,0,0,0,,,0
1772595900,2200.2,2211.1,2105,2152.8,2021.8221711249255,1993.9812894950069,,0,0,0,,,0
1773027900,2093.5,2168.6,1989.5,2016.3,2003.4177368999403,2013.8850315960055,,0,0,0,,,0
1773287100,2019.9,2025,1872.1,1893.7,2003.4177368999403,2013.8850315960055,,0,0,0,,,0
1773719100,1914,2024,1896.7,1929.8,2003.4177368999403,2013.8850315960055,,0,0,0,,,0
1773978300,1948,1996.8,1890,1974.4,1985.7341895199522,2000.7080252768042,,0,0,0,,,0
1774410300,2000,2023.5,1930.1,1937,1985.7341895199522,2000.7080252768042,,0,0,0,,,0
1775015100,1978.2,2012.5,1834,1915,1985.7341895199522,2000.7080252768042,,0,0,0,,,0
1775533500,1912,2069,1859.6,2040.3,2017.367351615962,1982.9664202214433,,0,0,0,,,0
1775792700,2049.7,2072,1975,2041.5,2017.367351615962,1982.9664202214433,2008.7060000000001,0,0,0,,,0
1776311100,2051.5,2150.7,2019,2143.9,2017.367351615962,1982.9664202214433,2118.4395,1,0,0,,,0
1776743100,2165,2173,2017,2022.9,1988.4938812927696,2019.3731361771547,,0,0,0,,,0
1777002300,2028,2050,1958,1976,1988.4938812927696,2019.3731361771547,,0,0,0,,,0
1777434300,1989.4,1998.4,1830,1873,1988.4938812927696,2019.3731361771547,,0,0,0,,,0
1777952700,1882.6,1983,1848.1,1973.7,1968.8351050342158,1992.018508941724,,0,0,0,,,0
1778211900,1986.8,2011.7,1876.1,1881.2,1968.8351050342158,1992.018508941724,,0,0,0,,,0
1778643900,1869.1,1912.7,1840.3,1890.2,1968.8351050342158,1992.018508941724,,0,0,0,,,0
1779075900,1889,1896.1,1821.7,1857.1,1941.2880840273726,1971.414807153379,,0,0,0,,,0
1779335100,1879.2,1908.9,1842.3,1898.6,1941.2880840273726,1971.414807153379,,0,0,0,,,0
1779767100,1898,1943.4,1820,1831.1,1941.2880840273726,1971.414807153379,,0,0,0,,,0
1780285500,1834.7,1841,1736,1805.4,1905.850467221898,1944.071845722703,,0,0,0,,,0
1780544700,1797.7,1854.7,1779.2,1817.7,1905.850467221898,1944.071845722703,,0,0,0,,,0
1780976700,1816,1829.6,1743.7,1764.1,1905.850467221898,1944.071845722703,,0,0,0,,,0
1781235900,1780.1,1854,1758.3,1842,1889.9203737775183,1911.2774765781626,,0,0,0,,,0
1781667900,1842,1878.5,1825.4,1871.6,1889.9203737775183,1911.2774765781626,,0,0,0,,,0
1782099900,1878,1878.3,1803.2,1826.2,1889.9203737775183,1911.2774765781626,,0,0,0,,,0
1782359100,1835,1837.5,1768.2,1788.7,1873.8562990220148,1896.0219812625298,,0,0,0,,,0
1782877500,1799,1818.7,1750.1,1788,1873.8562990220148,1896.0219812625298,,0,0,0,,,0
1783309500,1809.4,1838.7,1789.2,1809.6,1873.8562990220148,1896.0219812625298,,0,0,0,,,0
1783568700,1809.9,1842,1783,1828.7,1863.005039217612,1878.797585010024,,0,0,0,,,0
1784000700,1823.9,1830.8,1790,1792.5,1863.005039217612,1878.797585010024,,0,0,0,,,0
1784259900,1800,1824.7,1789.2,1819.6,1863.005039217612,1878.797585010024,,0,0,0,,,0
1784691900,1823,1847.5,1797.3,1822.8,1878.7040313740895,1867.638068008019,,0,0,0,,,0
1785123900,1825,1872.3,1820,1869.8,1878.7040313740895,1867.638068008019,1844.2155,1,0,0,,,0
1785383100,1875,1958,1805,1941.5,1878.7040313740895,1867.638068008019,,0,0,0,,,0
1785815100,1956.9,1996,1905.6,1945,1919.6232250992718,1885.4904544064152,,0,0,0,,,0
1786074300,1945.9,2027,1942.5,2012.7,1919.6232250992718,1885.4904544064152,,0,0,0,,,0
1786506300,2016.9,2099,1989.4,2083.3,1919.6232250992718,1885.4904544064152,,0,0,0,,,0
1786938300,2093,2122,2072.4,2121.8,1973.2985800794172,1926.992363525132,,0,0,0,,,0
1787197500,2132.6,2172.8,2125,2145,1973.2985800794172,1926.992363525132,,0,0,0,,,0
1787629500,2145,2235.2,2119.7,2188,1973.2985800794172,1926.992363525132,,0,0,0,,,0
1787888700,2187,2278.4,2182.5,2234,2028.6388640635337,1978.9938908201057,,0,0,0,,,0
1788320700,2219.2,2281,2136.5,2250,2028.6388640635337,1978.9938908201057,,0,0,0,,,0